Copyright 1986-2020 Xilinx, Inc. All Rights Reserved.
-----------------------------------------------------------------------------------------------------------------------------------------------------------------------------------------------------------------
| Tool Version : Vivado v.2020.1 (win64) Build 2902540 Wed May 27 19:54:49 MDT 2020
| Date         : Mon May 11 01:14:43 2026
| Host         : MarksGamingPC running 64-bit major release  (build 9200)
| Command      : report_timing_summary -max_paths 10 -file system_wrapper_timing_summary_routed.rpt -pb system_wrapper_timing_summary_routed.pb -rpx system_wrapper_timing_summary_routed.rpx -warn_on_violation
| Design       : system_wrapper
| Device       : 7z010-clg400
| Speed File   : -1  PRODUCTION 1.12 2019-11-22
-----------------------------------------------------------------------------------------------------------------------------------------------------------------------------------------------------------------

Timing Summary Report

------------------------------------------------------------------------------------------------
| Timer Settings
| --------------
------------------------------------------------------------------------------------------------

  Enable Multi Corner Analysis               :  Yes
  Enable Pessimism Removal                   :  Yes
  Pessimism Removal Resolution               :  Nearest Common Node
  Enable Input Delay Default Clock           :  No
  Enable Preset / Clear Arcs                 :  No
  Disable Flight Delays                      :  No
  Ignore I/O Paths                           :  No
  Timing Early Launch at Borrowing Latches   :  No
  Borrow Time for Max Delay Exceptions       :  Yes
  Merge Timing Exceptions                    :  Yes

  Corner  Analyze    Analyze    
  Name    Max Paths  Min Paths  
  ------  ---------  ---------  
  Slow    Yes        Yes        
  Fast    Yes        Yes        



check_timing report

Table of Contents
-----------------
1. checking no_clock (0)
2. checking constant_clock (0)
3. checking pulse_width_clock (0)
4. checking unconstrained_internal_endpoints (0)
5. checking no_input_delay (0)
6. checking no_output_delay (18)
7. checking multiple_clock (0)
8. checking generated_clocks (0)
9. checking loops (0)
10. checking partial_input_delay (28)
11. checking partial_output_delay (0)
12. checking latch_loops (0)

1. checking no_clock (0)
------------------------
 There are 0 register/latch pins with no clock.


2. checking constant_clock (0)
------------------------------
 There are 0 register/latch pins with constant_clock.


3. checking pulse_width_clock (0)
---------------------------------
 There are 0 register/latch pins which need pulse_width check


4. checking unconstrained_internal_endpoints (0)
------------------------------------------------
 There are 0 pins that are not constrained for maximum delay.

 There are 0 pins that are not constrained for maximum delay due to constant clock.


5. checking no_input_delay (0)
------------------------------
 There are 0 input ports with no input delay specified.

 There are 0 input ports with no input delay but user has a false path constraint.


6. checking no_output_delay (18)
--------------------------------
 There are 18 ports with no output delay specified. (HIGH)

 There are 0 ports with no output delay but user has a false path constraint

 There are 0 ports with no output delay but with a timing clock defined on it or propagating through it


7. checking multiple_clock (0)
------------------------------
 There are 0 register/latch pins with multiple clocks.


8. checking generated_clocks (0)
--------------------------------
 There are 0 generated clocks that are not connected to a clock source.


9. checking loops (0)
---------------------
 There are 0 combinational loops in the design.


10. checking partial_input_delay (28)
-------------------------------------
 There are 28 input ports with partial input delay specified. (HIGH)


11. checking partial_output_delay (0)
-------------------------------------
 There are 0 ports with partial output delay specified.


12. checking latch_loops (0)
----------------------------
 There are 0 combinational latch loops in the design through latch input



------------------------------------------------------------------------------------------------
| Design Timing Summary
| ---------------------
------------------------------------------------------------------------------------------------

    WNS(ns)      TNS(ns)  TNS Failing Endpoints  TNS Total Endpoints      WHS(ns)      THS(ns)  THS Failing Endpoints  THS Total Endpoints     WPWS(ns)     TPWS(ns)  TPWS Failing Endpoints  TPWS Total Endpoints  
    -------      -------  ---------------------  -------------------      -------      -------  ---------------------  -------------------     --------     --------  ----------------------  --------------------  
      1.074        0.000                      0                 4545        0.045        0.000                      0                 4519        1.845        0.000                       0                  2901  


All user specified timing constraints are met.


------------------------------------------------------------------------------------------------
| Clock Summary
| -------------
------------------------------------------------------------------------------------------------

Clock                            Waveform(ns)         Period(ns)      Frequency(MHz)
-----                            ------------         ----------      --------------
adc_clk                          {0.000 4.000}        8.000           125.000         
clk_fpga_0                       {0.000 4.000}        8.000           125.000         
rx_clk                           {0.000 2.000}        4.000           250.000         
system_i/clk_wiz_0/inst/clk_in1  {0.000 4.000}        8.000           125.000         
  clk_out1_system_clk_wiz_0_0    {0.000 2.000}        4.000           250.000         
  clkfbout_system_clk_wiz_0_0    {0.000 4.000}        8.000           125.000         


------------------------------------------------------------------------------------------------
| Intra Clock Table
| -----------------
------------------------------------------------------------------------------------------------

Clock                                WNS(ns)      TNS(ns)  TNS Failing Endpoints  TNS Total Endpoints      WHS(ns)      THS(ns)  THS Failing Endpoints  THS Total Endpoints     WPWS(ns)     TPWS(ns)  TPWS Failing Endpoints  TPWS Total Endpoints  
-----                                -------      -------  ---------------------  -------------------      -------      -------  ---------------------  -------------------     --------     --------  ----------------------  --------------------  
adc_clk                                1.077        0.000                      0                 1576        0.058        0.000                      0                 1550        3.020        0.000                       0                  1363  
clk_fpga_0                             2.414        0.000                      0                 2825        0.045        0.000                      0                 2825        3.020        0.000                       0                  1530  
system_i/clk_wiz_0/inst/clk_in1                                                                                                                                                    2.000        0.000                       0                     1  
  clk_out1_system_clk_wiz_0_0                                                                                                                                                      1.845        0.000                       0                     4  
  clkfbout_system_clk_wiz_0_0                                                                                                                                                      5.845        0.000                       0                     3  


------------------------------------------------------------------------------------------------
| Inter Clock Table
| -----------------
------------------------------------------------------------------------------------------------

From Clock    To Clock          WNS(ns)      TNS(ns)  TNS Failing Endpoints  TNS Total Endpoints      WHS(ns)      THS(ns)  THS Failing Endpoints  THS Total Endpoints  
----------    --------          -------      -------  ---------------------  -------------------      -------      -------  ---------------------  -------------------  
clk_fpga_0    adc_clk             1.074        0.000                      0                  196        0.165        0.000                      0                  196  


------------------------------------------------------------------------------------------------
| Other Path Groups Table
| -----------------------
------------------------------------------------------------------------------------------------

Path Group    From Clock    To Clock          WNS(ns)      TNS(ns)  TNS Failing Endpoints  TNS Total Endpoints      WHS(ns)      THS(ns)  THS Failing Endpoints  THS Total Endpoints  
----------    ----------    --------          -------      -------  ---------------------  -------------------      -------      -------  ---------------------  -------------------  


------------------------------------------------------------------------------------------------
| Timing Details
| --------------
------------------------------------------------------------------------------------------------


---------------------------------------------------------------------------------------------------
From Clock:  adc_clk
  To Clock:  adc_clk

Setup :            0  Failing Endpoints,  Worst Slack        1.077ns,  Total Violation        0.000ns
Hold  :            0  Failing Endpoints,  Worst Slack        0.058ns,  Total Violation        0.000ns
PW    :            0  Failing Endpoints,  Worst Slack        3.020ns,  Total Violation        0.000ns
---------------------------------------------------------------------------------------------------


Max Delay Paths
--------------------------------------------------------------------------------------
Slack (MET) :             1.077ns  (required time - arrival time)
  Source:                 system_i/axis_red_pitaya_dac_0/inst/int_dat_b_reg_reg[13]/C
                            (rising edge-triggered cell FDRE clocked by adc_clk  {rise@0.000ns fall@4.000ns period=8.000ns})
  Destination:            system_i/axis_red_pitaya_dac_0/inst/DAC_DAT[13].ODDR_inst/D2
                            (falling edge-triggered cell ODDR clocked by adc_clk  {rise@0.000ns fall@4.000ns period=8.000ns})
  Path Group:             adc_clk
  Path Type:              Setup (Max at Slow Process Corner)
  Requirement:            4.000ns  (adc_clk fall@4.000ns - adc_clk rise@0.000ns)
  Data Path Delay:        1.809ns  (logic 0.478ns (26.421%)  route 1.331ns (73.579%))
  Logic Levels:           0  
  Clock Path Skew:        -0.074ns (DCD - SCD + CPR)
    Destination Clock Delay (DCD):    4.456ns = ( 8.456 - 4.000 ) 
    Source Clock Delay      (SCD):    4.893ns
    Clock Pessimism Removal (CPR):    0.363ns
  Clock Uncertainty:      0.035ns  ((TSJ^2 + TIJ^2)^1/2 + DJ) / 2 + PE
    Total System Jitter     (TSJ):    0.071ns
    Total Input Jitter      (TIJ):    0.000ns
    Discrete Jitter          (DJ):    0.000ns
    Phase Error              (PE):    0.000ns

    Location             Delay type                Incr(ns)  Path(ns)    Netlist Resource(s)
  -------------------------------------------------------------------    -------------------
                         (clock adc_clk rise edge)    0.000     0.000 r  
    U18                                               0.000     0.000 r  adc_clk_p_i (IN)
                         net (fo=0)                   0.000     0.000    system_i/DataAcquisition/axis_red_pitaya_adc_0/inst/adc_clk_p
    U18                  IBUFDS (Prop_ibufds_I_O)     0.983     0.983 r  system_i/DataAcquisition/axis_red_pitaya_adc_0/inst/adc_clk_inst0/O
                         net (fo=1, routed)           2.076     3.059    system_i/DataAcquisition/axis_red_pitaya_adc_0/inst/int_clk0
    BUFGCTRL_X0Y1        BUFG (Prop_bufg_I_O)         0.102     3.161 r  system_i/DataAcquisition/axis_red_pitaya_adc_0/inst/adc_clk_inst/O
                         net (fo=1363, routed)        1.732     4.893    system_i/axis_red_pitaya_dac_0/inst/aclk
    SLICE_X42Y68         FDRE                                         r  system_i/axis_red_pitaya_dac_0/inst/int_dat_b_reg_reg[13]/C
  -------------------------------------------------------------------    -------------------
    SLICE_X42Y68         FDRE (Prop_fdre_C_Q)         0.478     5.371 r  system_i/axis_red_pitaya_dac_0/inst/int_dat_b_reg_reg[13]/Q
                         net (fo=1, routed)           1.331     6.702    system_i/axis_red_pitaya_dac_0/inst/int_dat_b_reg[13]
    OLOGIC_X0Y92         ODDR                                         r  system_i/axis_red_pitaya_dac_0/inst/DAC_DAT[13].ODDR_inst/D2
  -------------------------------------------------------------------    -------------------

                         (clock adc_clk fall edge)    4.000     4.000 f  
    U18                                               0.000     4.000 f  adc_clk_p_i (IN)
                         net (fo=0)                   0.000     4.000    system_i/DataAcquisition/axis_red_pitaya_adc_0/inst/adc_clk_p
    U18                  IBUFDS (Prop_ibufds_I_O)     0.940     4.940 f  system_i/DataAcquisition/axis_red_pitaya_adc_0/inst/adc_clk_inst0/O
                         net (fo=1, routed)           1.880     6.820    system_i/DataAcquisition/axis_red_pitaya_adc_0/inst/int_clk0
    BUFGCTRL_X0Y1        BUFG (Prop_bufg_I_O)         0.092     6.912 f  system_i/DataAcquisition/axis_red_pitaya_adc_0/inst/adc_clk_inst/O
                         net (fo=1363, routed)        1.544     8.456    system_i/axis_red_pitaya_dac_0/inst/aclk
    OLOGIC_X0Y92         ODDR                                         f  system_i/axis_red_pitaya_dac_0/inst/DAC_DAT[13].ODDR_inst/C
                         clock pessimism              0.363     8.820    
                         clock uncertainty           -0.035     8.784    
    OLOGIC_X0Y92         ODDR (Setup_oddr_C_D2)      -1.005     7.779    system_i/axis_red_pitaya_dac_0/inst/DAC_DAT[13].ODDR_inst
  -------------------------------------------------------------------
                         required time                          7.779    
                         arrival time                          -6.702    
  -------------------------------------------------------------------
                         slack                                  1.077    

Slack (MET) :             1.251ns  (required time - arrival time)
  Source:                 system_i/phase_unwrap_0/inst/phase_accum_reg[16]/C
                            (rising edge-triggered cell FDRE clocked by adc_clk  {rise@0.000ns fall@4.000ns period=8.000ns})
  Destination:            system_i/dds_phase_corrector_0/inst/mult_result_reg/PCIN[0]
                            (rising edge-triggered cell DSP48E1 clocked by adc_clk  {rise@0.000ns fall@4.000ns period=8.000ns})
  Path Group:             adc_clk
  Path Type:              Setup (Max at Slow Process Corner)
  Requirement:            8.000ns  (adc_clk rise@8.000ns - adc_clk rise@0.000ns)
  Data Path Delay:        5.349ns  (logic 4.492ns (83.971%)  route 0.857ns (16.029%))
  Logic Levels:           1  (DSP48E1=1)
  Clock Path Skew:        0.036ns (DCD - SCD + CPR)
    Destination Clock Delay (DCD):    4.506ns = ( 12.506 - 8.000 ) 
    Source Clock Delay      (SCD):    4.834ns
    Clock Pessimism Removal (CPR):    0.364ns
  Clock Uncertainty:      0.035ns  ((TSJ^2 + TIJ^2)^1/2 + DJ) / 2 + PE
    Total System Jitter     (TSJ):    0.071ns
    Total Input Jitter      (TIJ):    0.000ns
    Discrete Jitter          (DJ):    0.000ns
    Phase Error              (PE):    0.000ns

    Location             Delay type                Incr(ns)  Path(ns)    Netlist Resource(s)
  -------------------------------------------------------------------    -------------------
                         (clock adc_clk rise edge)    0.000     0.000 r  
    U18                                               0.000     0.000 r  adc_clk_p_i (IN)
                         net (fo=0)                   0.000     0.000    system_i/DataAcquisition/axis_red_pitaya_adc_0/inst/adc_clk_p
    U18                  IBUFDS (Prop_ibufds_I_O)     0.983     0.983 r  system_i/DataAcquisition/axis_red_pitaya_adc_0/inst/adc_clk_inst0/O
                         net (fo=1, routed)           2.076     3.059    system_i/DataAcquisition/axis_red_pitaya_adc_0/inst/int_clk0
    BUFGCTRL_X0Y1        BUFG (Prop_bufg_I_O)         0.102     3.161 r  system_i/DataAcquisition/axis_red_pitaya_adc_0/inst/adc_clk_inst/O
                         net (fo=1363, routed)        1.673     4.834    system_i/phase_unwrap_0/inst/aclk
    SLICE_X15Y38         FDRE                                         r  system_i/phase_unwrap_0/inst/phase_accum_reg[16]/C
  -------------------------------------------------------------------    -------------------
    SLICE_X15Y38         FDRE (Prop_fdre_C_Q)         0.456     5.290 r  system_i/phase_unwrap_0/inst/phase_accum_reg[16]/Q
                         net (fo=3, routed)           0.855     6.146    system_i/dds_phase_corrector_0/inst/accum_raw[16]
    DSP48_X0Y14          DSP48E1 (Prop_dsp48e1_A[16]_PCOUT[0])
                                                      4.036    10.182 r  system_i/dds_phase_corrector_0/inst/mult_result0/PCOUT[0]
                         net (fo=1, routed)           0.002    10.184    system_i/dds_phase_corrector_0/inst/mult_result0_n_153
    DSP48_X0Y15          DSP48E1                                      r  system_i/dds_phase_corrector_0/inst/mult_result_reg/PCIN[0]
  -------------------------------------------------------------------    -------------------

                         (clock adc_clk rise edge)    8.000     8.000 r  
    U18                                               0.000     8.000 r  adc_clk_p_i (IN)
                         net (fo=0)                   0.000     8.000    system_i/DataAcquisition/axis_red_pitaya_adc_0/inst/adc_clk_p
    U18                  IBUFDS (Prop_ibufds_I_O)     0.940     8.940 r  system_i/DataAcquisition/axis_red_pitaya_adc_0/inst/adc_clk_inst0/O
                         net (fo=1, routed)           1.880    10.820    system_i/DataAcquisition/axis_red_pitaya_adc_0/inst/int_clk0
    BUFGCTRL_X0Y1        BUFG (Prop_bufg_I_O)         0.092    10.912 r  system_i/DataAcquisition/axis_red_pitaya_adc_0/inst/adc_clk_inst/O
                         net (fo=1363, routed)        1.594    12.506    system_i/dds_phase_corrector_0/inst/clk
    DSP48_X0Y15          DSP48E1                                      r  system_i/dds_phase_corrector_0/inst/mult_result_reg/CLK
                         clock pessimism              0.364    12.870    
                         clock uncertainty           -0.035    12.834    
    DSP48_X0Y15          DSP48E1 (Setup_dsp48e1_CLK_PCIN[0])
                                                     -1.400    11.434    system_i/dds_phase_corrector_0/inst/mult_result_reg
  -------------------------------------------------------------------
                         required time                         11.434    
                         arrival time                         -10.184    
  -------------------------------------------------------------------
                         slack                                  1.251    

Slack (MET) :             1.251ns  (required time - arrival time)
  Source:                 system_i/phase_unwrap_0/inst/phase_accum_reg[16]/C
                            (rising edge-triggered cell FDRE clocked by adc_clk  {rise@0.000ns fall@4.000ns period=8.000ns})
  Destination:            system_i/dds_phase_corrector_0/inst/mult_result_reg/PCIN[10]
                            (rising edge-triggered cell DSP48E1 clocked by adc_clk  {rise@0.000ns fall@4.000ns period=8.000ns})
  Path Group:             adc_clk
  Path Type:              Setup (Max at Slow Process Corner)
  Requirement:            8.000ns  (adc_clk rise@8.000ns - adc_clk rise@0.000ns)
  Data Path Delay:        5.349ns  (logic 4.492ns (83.971%)  route 0.857ns (16.029%))
  Logic Levels:           1  (DSP48E1=1)
  Clock Path Skew:        0.036ns (DCD - SCD + CPR)
    Destination Clock Delay (DCD):    4.506ns = ( 12.506 - 8.000 ) 
    Source Clock Delay      (SCD):    4.834ns
    Clock Pessimism Removal (CPR):    0.364ns
  Clock Uncertainty:      0.035ns  ((TSJ^2 + TIJ^2)^1/2 + DJ) / 2 + PE
    Total System Jitter     (TSJ):    0.071ns
    Total Input Jitter      (TIJ):    0.000ns
    Discrete Jitter          (DJ):    0.000ns
    Phase Error              (PE):    0.000ns

    Location             Delay type                Incr(ns)  Path(ns)    Netlist Resource(s)
  -------------------------------------------------------------------    -------------------
                         (clock adc_clk rise edge)    0.000     0.000 r  
    U18                                               0.000     0.000 r  adc_clk_p_i (IN)
                         net (fo=0)                   0.000     0.000    system_i/DataAcquisition/axis_red_pitaya_adc_0/inst/adc_clk_p
    U18                  IBUFDS (Prop_ibufds_I_O)     0.983     0.983 r  system_i/DataAcquisition/axis_red_pitaya_adc_0/inst/adc_clk_inst0/O
                         net (fo=1, routed)           2.076     3.059    system_i/DataAcquisition/axis_red_pitaya_adc_0/inst/int_clk0
    BUFGCTRL_X0Y1        BUFG (Prop_bufg_I_O)         0.102     3.161 r  system_i/DataAcquisition/axis_red_pitaya_adc_0/inst/adc_clk_inst/O
                         net (fo=1363, routed)        1.673     4.834    system_i/phase_unwrap_0/inst/aclk
    SLICE_X15Y38         FDRE                                         r  system_i/phase_unwrap_0/inst/phase_accum_reg[16]/C
  -------------------------------------------------------------------    -------------------
    SLICE_X15Y38         FDRE (Prop_fdre_C_Q)         0.456     5.290 r  system_i/phase_unwrap_0/inst/phase_accum_reg[16]/Q
                         net (fo=3, routed)           0.855     6.146    system_i/dds_phase_corrector_0/inst/accum_raw[16]
    DSP48_X0Y14          DSP48E1 (Prop_dsp48e1_A[16]_PCOUT[10])
                                                      4.036    10.182 r  system_i/dds_phase_corrector_0/inst/mult_result0/PCOUT[10]
                         net (fo=1, routed)           0.002    10.184    system_i/dds_phase_corrector_0/inst/mult_result0_n_143
    DSP48_X0Y15          DSP48E1                                      r  system_i/dds_phase_corrector_0/inst/mult_result_reg/PCIN[10]
  -------------------------------------------------------------------    -------------------

                         (clock adc_clk rise edge)    8.000     8.000 r  
    U18                                               0.000     8.000 r  adc_clk_p_i (IN)
                         net (fo=0)                   0.000     8.000    system_i/DataAcquisition/axis_red_pitaya_adc_0/inst/adc_clk_p
    U18                  IBUFDS (Prop_ibufds_I_O)     0.940     8.940 r  system_i/DataAcquisition/axis_red_pitaya_adc_0/inst/adc_clk_inst0/O
                         net (fo=1, routed)           1.880    10.820    system_i/DataAcquisition/axis_red_pitaya_adc_0/inst/int_clk0
    BUFGCTRL_X0Y1        BUFG (Prop_bufg_I_O)         0.092    10.912 r  system_i/DataAcquisition/axis_red_pitaya_adc_0/inst/adc_clk_inst/O
                         net (fo=1363, routed)        1.594    12.506    system_i/dds_phase_corrector_0/inst/clk
    DSP48_X0Y15          DSP48E1                                      r  system_i/dds_phase_corrector_0/inst/mult_result_reg/CLK
                         clock pessimism              0.364    12.870    
                         clock uncertainty           -0.035    12.834    
    DSP48_X0Y15          DSP48E1 (Setup_dsp48e1_CLK_PCIN[10])
                                                     -1.400    11.434    system_i/dds_phase_corrector_0/inst/mult_result_reg
  -------------------------------------------------------------------
                         required time                         11.434    
                         arrival time                         -10.184    
  -------------------------------------------------------------------
                         slack                                  1.251    

Slack (MET) :             1.251ns  (required time - arrival time)
  Source:                 system_i/phase_unwrap_0/inst/phase_accum_reg[16]/C
                            (rising edge-triggered cell FDRE clocked by adc_clk  {rise@0.000ns fall@4.000ns period=8.000ns})
  Destination:            system_i/dds_phase_corrector_0/inst/mult_result_reg/PCIN[11]
                            (rising edge-triggered cell DSP48E1 clocked by adc_clk  {rise@0.000ns fall@4.000ns period=8.000ns})
  Path Group:             adc_clk
  Path Type:              Setup (Max at Slow Process Corner)
  Requirement:            8.000ns  (adc_clk rise@8.000ns - adc_clk rise@0.000ns)
  Data Path Delay:        5.349ns  (logic 4.492ns (83.971%)  route 0.857ns (16.029%))
  Logic Levels:           1  (DSP48E1=1)
  Clock Path Skew:        0.036ns (DCD - SCD + CPR)
    Destination Clock Delay (DCD):    4.506ns = ( 12.506 - 8.000 ) 
    Source Clock Delay      (SCD):    4.834ns
    Clock Pessimism Removal (CPR):    0.364ns
  Clock Uncertainty:      0.035ns  ((TSJ^2 + TIJ^2)^1/2 + DJ) / 2 + PE
    Total System Jitter     (TSJ):    0.071ns
    Total Input Jitter      (TIJ):    0.000ns
    Discrete Jitter          (DJ):    0.000ns
    Phase Error              (PE):    0.000ns

    Location             Delay type                Incr(ns)  Path(ns)    Netlist Resource(s)
  -------------------------------------------------------------------    -------------------
                         (clock adc_clk rise edge)    0.000     0.000 r  
    U18                                               0.000     0.000 r  adc_clk_p_i (IN)
                         net (fo=0)                   0.000     0.000    system_i/DataAcquisition/axis_red_pitaya_adc_0/inst/adc_clk_p
    U18                  IBUFDS (Prop_ibufds_I_O)     0.983     0.983 r  system_i/DataAcquisition/axis_red_pitaya_adc_0/inst/adc_clk_inst0/O
                         net (fo=1, routed)           2.076     3.059    system_i/DataAcquisition/axis_red_pitaya_adc_0/inst/int_clk0
    BUFGCTRL_X0Y1        BUFG (Prop_bufg_I_O)         0.102     3.161 r  system_i/DataAcquisition/axis_red_pitaya_adc_0/inst/adc_clk_inst/O
                         net (fo=1363, routed)        1.673     4.834    system_i/phase_unwrap_0/inst/aclk
    SLICE_X15Y38         FDRE                                         r  system_i/phase_unwrap_0/inst/phase_accum_reg[16]/C
  -------------------------------------------------------------------    -------------------
    SLICE_X15Y38         FDRE (Prop_fdre_C_Q)         0.456     5.290 r  system_i/phase_unwrap_0/inst/phase_accum_reg[16]/Q
                         net (fo=3, routed)           0.855     6.146    system_i/dds_phase_corrector_0/inst/accum_raw[16]
    DSP48_X0Y14          DSP48E1 (Prop_dsp48e1_A[16]_PCOUT[11])
                                                      4.036    10.182 r  system_i/dds_phase_corrector_0/inst/mult_result0/PCOUT[11]
                         net (fo=1, routed)           0.002    10.184    system_i/dds_phase_corrector_0/inst/mult_result0_n_142
    DSP48_X0Y15          DSP48E1                                      r  system_i/dds_phase_corrector_0/inst/mult_result_reg/PCIN[11]
  -------------------------------------------------------------------    -------------------

                         (clock adc_clk rise edge)    8.000     8.000 r  
    U18                                               0.000     8.000 r  adc_clk_p_i (IN)
                         net (fo=0)                   0.000     8.000    system_i/DataAcquisition/axis_red_pitaya_adc_0/inst/adc_clk_p
    U18                  IBUFDS (Prop_ibufds_I_O)     0.940     8.940 r  system_i/DataAcquisition/axis_red_pitaya_adc_0/inst/adc_clk_inst0/O
                         net (fo=1, routed)           1.880    10.820    system_i/DataAcquisition/axis_red_pitaya_adc_0/inst/int_clk0
    BUFGCTRL_X0Y1        BUFG (Prop_bufg_I_O)         0.092    10.912 r  system_i/DataAcquisition/axis_red_pitaya_adc_0/inst/adc_clk_inst/O
                         net (fo=1363, routed)        1.594    12.506    system_i/dds_phase_corrector_0/inst/clk
    DSP48_X0Y15          DSP48E1                                      r  system_i/dds_phase_corrector_0/inst/mult_result_reg/CLK
                         clock pessimism              0.364    12.870    
                         clock uncertainty           -0.035    12.834    
    DSP48_X0Y15          DSP48E1 (Setup_dsp48e1_CLK_PCIN[11])
                                                     -1.400    11.434    system_i/dds_phase_corrector_0/inst/mult_result_reg
  -------------------------------------------------------------------
                         required time                         11.434    
                         arrival time                         -10.184    
  -------------------------------------------------------------------
                         slack                                  1.251    

Slack (MET) :             1.251ns  (required time - arrival time)
  Source:                 system_i/phase_unwrap_0/inst/phase_accum_reg[16]/C
                            (rising edge-triggered cell FDRE clocked by adc_clk  {rise@0.000ns fall@4.000ns period=8.000ns})
  Destination:            system_i/dds_phase_corrector_0/inst/mult_result_reg/PCIN[12]
                            (rising edge-triggered cell DSP48E1 clocked by adc_clk  {rise@0.000ns fall@4.000ns period=8.000ns})
  Path Group:             adc_clk
  Path Type:              Setup (Max at Slow Process Corner)
  Requirement:            8.000ns  (adc_clk rise@8.000ns - adc_clk rise@0.000ns)
  Data Path Delay:        5.349ns  (logic 4.492ns (83.971%)  route 0.857ns (16.029%))
  Logic Levels:           1  (DSP48E1=1)
  Clock Path Skew:        0.036ns (DCD - SCD + CPR)
    Destination Clock Delay (DCD):    4.506ns = ( 12.506 - 8.000 ) 
    Source Clock Delay      (SCD):    4.834ns
    Clock Pessimism Removal (CPR):    0.364ns
  Clock Uncertainty:      0.035ns  ((TSJ^2 + TIJ^2)^1/2 + DJ) / 2 + PE
    Total System Jitter     (TSJ):    0.071ns
    Total Input Jitter      (TIJ):    0.000ns
    Discrete Jitter          (DJ):    0.000ns
    Phase Error              (PE):    0.000ns

    Location             Delay type                Incr(ns)  Path(ns)    Netlist Resource(s)
  -------------------------------------------------------------------    -------------------
                         (clock adc_clk rise edge)    0.000     0.000 r  
    U18                                               0.000     0.000 r  adc_clk_p_i (IN)
                         net (fo=0)                   0.000     0.000    system_i/DataAcquisition/axis_red_pitaya_adc_0/inst/adc_clk_p
    U18                  IBUFDS (Prop_ibufds_I_O)     0.983     0.983 r  system_i/DataAcquisition/axis_red_pitaya_adc_0/inst/adc_clk_inst0/O
                         net (fo=1, routed)           2.076     3.059    system_i/DataAcquisition/axis_red_pitaya_adc_0/inst/int_clk0
    BUFGCTRL_X0Y1        BUFG (Prop_bufg_I_O)         0.102     3.161 r  system_i/DataAcquisition/axis_red_pitaya_adc_0/inst/adc_clk_inst/O
                         net (fo=1363, routed)        1.673     4.834    system_i/phase_unwrap_0/inst/aclk
    SLICE_X15Y38         FDRE                                         r  system_i/phase_unwrap_0/inst/phase_accum_reg[16]/C
  -------------------------------------------------------------------    -------------------
    SLICE_X15Y38         FDRE (Prop_fdre_C_Q)         0.456     5.290 r  system_i/phase_unwrap_0/inst/phase_accum_reg[16]/Q
                         net (fo=3, routed)           0.855     6.146    system_i/dds_phase_corrector_0/inst/accum_raw[16]
    DSP48_X0Y14          DSP48E1 (Prop_dsp48e1_A[16]_PCOUT[12])
                                                      4.036    10.182 r  system_i/dds_phase_corrector_0/inst/mult_result0/PCOUT[12]
                         net (fo=1, routed)           0.002    10.184    system_i/dds_phase_corrector_0/inst/mult_result0_n_141
    DSP48_X0Y15          DSP48E1                                      r  system_i/dds_phase_corrector_0/inst/mult_result_reg/PCIN[12]
  -------------------------------------------------------------------    -------------------

                         (clock adc_clk rise edge)    8.000     8.000 r  
    U18                                               0.000     8.000 r  adc_clk_p_i (IN)
                         net (fo=0)                   0.000     8.000    system_i/DataAcquisition/axis_red_pitaya_adc_0/inst/adc_clk_p
    U18                  IBUFDS (Prop_ibufds_I_O)     0.940     8.940 r  system_i/DataAcquisition/axis_red_pitaya_adc_0/inst/adc_clk_inst0/O
                         net (fo=1, routed)           1.880    10.820    system_i/DataAcquisition/axis_red_pitaya_adc_0/inst/int_clk0
    BUFGCTRL_X0Y1        BUFG (Prop_bufg_I_O)         0.092    10.912 r  system_i/DataAcquisition/axis_red_pitaya_adc_0/inst/adc_clk_inst/O
                         net (fo=1363, routed)        1.594    12.506    system_i/dds_phase_corrector_0/inst/clk
    DSP48_X0Y15          DSP48E1                                      r  system_i/dds_phase_corrector_0/inst/mult_result_reg/CLK
                         clock pessimism              0.364    12.870    
                         clock uncertainty           -0.035    12.834    
    DSP48_X0Y15          DSP48E1 (Setup_dsp48e1_CLK_PCIN[12])
                                                     -1.400    11.434    system_i/dds_phase_corrector_0/inst/mult_result_reg
  -------------------------------------------------------------------
                         required time                         11.434    
                         arrival time                         -10.184    
  -------------------------------------------------------------------
                         slack                                  1.251    

Slack (MET) :             1.251ns  (required time - arrival time)
  Source:                 system_i/phase_unwrap_0/inst/phase_accum_reg[16]/C
                            (rising edge-triggered cell FDRE clocked by adc_clk  {rise@0.000ns fall@4.000ns period=8.000ns})
  Destination:            system_i/dds_phase_corrector_0/inst/mult_result_reg/PCIN[13]
                            (rising edge-triggered cell DSP48E1 clocked by adc_clk  {rise@0.000ns fall@4.000ns period=8.000ns})
  Path Group:             adc_clk
  Path Type:              Setup (Max at Slow Process Corner)
  Requirement:            8.000ns  (adc_clk rise@8.000ns - adc_clk rise@0.000ns)
  Data Path Delay:        5.349ns  (logic 4.492ns (83.971%)  route 0.857ns (16.029%))
  Logic Levels:           1  (DSP48E1=1)
  Clock Path Skew:        0.036ns (DCD - SCD + CPR)
    Destination Clock Delay (DCD):    4.506ns = ( 12.506 - 8.000 ) 
    Source Clock Delay      (SCD):    4.834ns
    Clock Pessimism Removal (CPR):    0.364ns
  Clock Uncertainty:      0.035ns  ((TSJ^2 + TIJ^2)^1/2 + DJ) / 2 + PE
    Total System Jitter     (TSJ):    0.071ns
    Total Input Jitter      (TIJ):    0.000ns
    Discrete Jitter          (DJ):    0.000ns
    Phase Error              (PE):    0.000ns

    Location             Delay type                Incr(ns)  Path(ns)    Netlist Resource(s)
  -------------------------------------------------------------------    -------------------
                         (clock adc_clk rise edge)    0.000     0.000 r  
    U18                                               0.000     0.000 r  adc_clk_p_i (IN)
                         net (fo=0)                   0.000     0.000    system_i/DataAcquisition/axis_red_pitaya_adc_0/inst/adc_clk_p
    U18                  IBUFDS (Prop_ibufds_I_O)     0.983     0.983 r  system_i/DataAcquisition/axis_red_pitaya_adc_0/inst/adc_clk_inst0/O
                         net (fo=1, routed)           2.076     3.059    system_i/DataAcquisition/axis_red_pitaya_adc_0/inst/int_clk0
    BUFGCTRL_X0Y1        BUFG (Prop_bufg_I_O)         0.102     3.161 r  system_i/DataAcquisition/axis_red_pitaya_adc_0/inst/adc_clk_inst/O
                         net (fo=1363, routed)        1.673     4.834    system_i/phase_unwrap_0/inst/aclk
    SLICE_X15Y38         FDRE                                         r  system_i/phase_unwrap_0/inst/phase_accum_reg[16]/C
  -------------------------------------------------------------------    -------------------
    SLICE_X15Y38         FDRE (Prop_fdre_C_Q)         0.456     5.290 r  system_i/phase_unwrap_0/inst/phase_accum_reg[16]/Q
                         net (fo=3, routed)           0.855     6.146    system_i/dds_phase_corrector_0/inst/accum_raw[16]
    DSP48_X0Y14          DSP48E1 (Prop_dsp48e1_A[16]_PCOUT[13])
                                                      4.036    10.182 r  system_i/dds_phase_corrector_0/inst/mult_result0/PCOUT[13]
                         net (fo=1, routed)           0.002    10.184    system_i/dds_phase_corrector_0/inst/mult_result0_n_140
    DSP48_X0Y15          DSP48E1                                      r  system_i/dds_phase_corrector_0/inst/mult_result_reg/PCIN[13]
  -------------------------------------------------------------------    -------------------

                         (clock adc_clk rise edge)    8.000     8.000 r  
    U18                                               0.000     8.000 r  adc_clk_p_i (IN)
                         net (fo=0)                   0.000     8.000    system_i/DataAcquisition/axis_red_pitaya_adc_0/inst/adc_clk_p
    U18                  IBUFDS (Prop_ibufds_I_O)     0.940     8.940 r  system_i/DataAcquisition/axis_red_pitaya_adc_0/inst/adc_clk_inst0/O
                         net (fo=1, routed)           1.880    10.820    system_i/DataAcquisition/axis_red_pitaya_adc_0/inst/int_clk0
    BUFGCTRL_X0Y1        BUFG (Prop_bufg_I_O)         0.092    10.912 r  system_i/DataAcquisition/axis_red_pitaya_adc_0/inst/adc_clk_inst/O
                         net (fo=1363, routed)        1.594    12.506    system_i/dds_phase_corrector_0/inst/clk
    DSP48_X0Y15          DSP48E1                                      r  system_i/dds_phase_corrector_0/inst/mult_result_reg/CLK
                         clock pessimism              0.364    12.870    
                         clock uncertainty           -0.035    12.834    
    DSP48_X0Y15          DSP48E1 (Setup_dsp48e1_CLK_PCIN[13])
                                                     -1.400    11.434    system_i/dds_phase_corrector_0/inst/mult_result_reg
  -------------------------------------------------------------------
                         required time                         11.434    
                         arrival time                         -10.184    
  -------------------------------------------------------------------
                         slack                                  1.251    

Slack (MET) :             1.251ns  (required time - arrival time)
  Source:                 system_i/phase_unwrap_0/inst/phase_accum_reg[16]/C
                            (rising edge-triggered cell FDRE clocked by adc_clk  {rise@0.000ns fall@4.000ns period=8.000ns})
  Destination:            system_i/dds_phase_corrector_0/inst/mult_result_reg/PCIN[14]
                            (rising edge-triggered cell DSP48E1 clocked by adc_clk  {rise@0.000ns fall@4.000ns period=8.000ns})
  Path Group:             adc_clk
  Path Type:              Setup (Max at Slow Process Corner)
  Requirement:            8.000ns  (adc_clk rise@8.000ns - adc_clk rise@0.000ns)
  Data Path Delay:        5.349ns  (logic 4.492ns (83.971%)  route 0.857ns (16.029%))
  Logic Levels:           1  (DSP48E1=1)
  Clock Path Skew:        0.036ns (DCD - SCD + CPR)
    Destination Clock Delay (DCD):    4.506ns = ( 12.506 - 8.000 ) 
    Source Clock Delay      (SCD):    4.834ns
    Clock Pessimism Removal (CPR):    0.364ns
  Clock Uncertainty:      0.035ns  ((TSJ^2 + TIJ^2)^1/2 + DJ) / 2 + PE
    Total System Jitter     (TSJ):    0.071ns
    Total Input Jitter      (TIJ):    0.000ns
    Discrete Jitter          (DJ):    0.000ns
    Phase Error              (PE):    0.000ns

    Location             Delay type                Incr(ns)  Path(ns)    Netlist Resource(s)
  -------------------------------------------------------------------    -------------------
                         (clock adc_clk rise edge)    0.000     0.000 r  
    U18                                               0.000     0.000 r  adc_clk_p_i (IN)
                         net (fo=0)                   0.000     0.000    system_i/DataAcquisition/axis_red_pitaya_adc_0/inst/adc_clk_p
    U18                  IBUFDS (Prop_ibufds_I_O)     0.983     0.983 r  system_i/DataAcquisition/axis_red_pitaya_adc_0/inst/adc_clk_inst0/O
                         net (fo=1, routed)           2.076     3.059    system_i/DataAcquisition/axis_red_pitaya_adc_0/inst/int_clk0
    BUFGCTRL_X0Y1        BUFG (Prop_bufg_I_O)         0.102     3.161 r  system_i/DataAcquisition/axis_red_pitaya_adc_0/inst/adc_clk_inst/O
                         net (fo=1363, routed)        1.673     4.834    system_i/phase_unwrap_0/inst/aclk
    SLICE_X15Y38         FDRE                                         r  system_i/phase_unwrap_0/inst/phase_accum_reg[16]/C
  -------------------------------------------------------------------    -------------------
    SLICE_X15Y38         FDRE (Prop_fdre_C_Q)         0.456     5.290 r  system_i/phase_unwrap_0/inst/phase_accum_reg[16]/Q
                         net (fo=3, routed)           0.855     6.146    system_i/dds_phase_corrector_0/inst/accum_raw[16]
    DSP48_X0Y14          DSP48E1 (Prop_dsp48e1_A[16]_PCOUT[14])
                                                      4.036    10.182 r  system_i/dds_phase_corrector_0/inst/mult_result0/PCOUT[14]
                         net (fo=1, routed)           0.002    10.184    system_i/dds_phase_corrector_0/inst/mult_result0_n_139
    DSP48_X0Y15          DSP48E1                                      r  system_i/dds_phase_corrector_0/inst/mult_result_reg/PCIN[14]
  -------------------------------------------------------------------    -------------------

                         (clock adc_clk rise edge)    8.000     8.000 r  
    U18                                               0.000     8.000 r  adc_clk_p_i (IN)
                         net (fo=0)                   0.000     8.000    system_i/DataAcquisition/axis_red_pitaya_adc_0/inst/adc_clk_p
    U18                  IBUFDS (Prop_ibufds_I_O)     0.940     8.940 r  system_i/DataAcquisition/axis_red_pitaya_adc_0/inst/adc_clk_inst0/O
                         net (fo=1, routed)           1.880    10.820    system_i/DataAcquisition/axis_red_pitaya_adc_0/inst/int_clk0
    BUFGCTRL_X0Y1        BUFG (Prop_bufg_I_O)         0.092    10.912 r  system_i/DataAcquisition/axis_red_pitaya_adc_0/inst/adc_clk_inst/O
                         net (fo=1363, routed)        1.594    12.506    system_i/dds_phase_corrector_0/inst/clk
    DSP48_X0Y15          DSP48E1                                      r  system_i/dds_phase_corrector_0/inst/mult_result_reg/CLK
                         clock pessimism              0.364    12.870    
                         clock uncertainty           -0.035    12.834    
    DSP48_X0Y15          DSP48E1 (Setup_dsp48e1_CLK_PCIN[14])
                                                     -1.400    11.434    system_i/dds_phase_corrector_0/inst/mult_result_reg
  -------------------------------------------------------------------
                         required time                         11.434    
                         arrival time                         -10.184    
  -------------------------------------------------------------------
                         slack                                  1.251    

Slack (MET) :             1.251ns  (required time - arrival time)
  Source:                 system_i/phase_unwrap_0/inst/phase_accum_reg[16]/C
                            (rising edge-triggered cell FDRE clocked by adc_clk  {rise@0.000ns fall@4.000ns period=8.000ns})
  Destination:            system_i/dds_phase_corrector_0/inst/mult_result_reg/PCIN[15]
                            (rising edge-triggered cell DSP48E1 clocked by adc_clk  {rise@0.000ns fall@4.000ns period=8.000ns})
  Path Group:             adc_clk
  Path Type:              Setup (Max at Slow Process Corner)
  Requirement:            8.000ns  (adc_clk rise@8.000ns - adc_clk rise@0.000ns)
  Data Path Delay:        5.349ns  (logic 4.492ns (83.971%)  route 0.857ns (16.029%))
  Logic Levels:           1  (DSP48E1=1)
  Clock Path Skew:        0.036ns (DCD - SCD + CPR)
    Destination Clock Delay (DCD):    4.506ns = ( 12.506 - 8.000 ) 
    Source Clock Delay      (SCD):    4.834ns
    Clock Pessimism Removal (CPR):    0.364ns
  Clock Uncertainty:      0.035ns  ((TSJ^2 + TIJ^2)^1/2 + DJ) / 2 + PE
    Total System Jitter     (TSJ):    0.071ns
    Total Input Jitter      (TIJ):    0.000ns
    Discrete Jitter          (DJ):    0.000ns
    Phase Error              (PE):    0.000ns

    Location             Delay type                Incr(ns)  Path(ns)    Netlist Resource(s)
  -------------------------------------------------------------------    -------------------
                         (clock adc_clk rise edge)    0.000     0.000 r  
    U18                                               0.000     0.000 r  adc_clk_p_i (IN)
                         net (fo=0)                   0.000     0.000    system_i/DataAcquisition/axis_red_pitaya_adc_0/inst/adc_clk_p
    U18                  IBUFDS (Prop_ibufds_I_O)     0.983     0.983 r  system_i/DataAcquisition/axis_red_pitaya_adc_0/inst/adc_clk_inst0/O
                         net (fo=1, routed)           2.076     3.059    system_i/DataAcquisition/axis_red_pitaya_adc_0/inst/int_clk0
    BUFGCTRL_X0Y1        BUFG (Prop_bufg_I_O)         0.102     3.161 r  system_i/DataAcquisition/axis_red_pitaya_adc_0/inst/adc_clk_inst/O
                         net (fo=1363, routed)        1.673     4.834    system_i/phase_unwrap_0/inst/aclk
    SLICE_X15Y38         FDRE                                         r  system_i/phase_unwrap_0/inst/phase_accum_reg[16]/C
  -------------------------------------------------------------------    -------------------
    SLICE_X15Y38         FDRE (Prop_fdre_C_Q)         0.456     5.290 r  system_i/phase_unwrap_0/inst/phase_accum_reg[16]/Q
                         net (fo=3, routed)           0.855     6.146    system_i/dds_phase_corrector_0/inst/accum_raw[16]
    DSP48_X0Y14          DSP48E1 (Prop_dsp48e1_A[16]_PCOUT[15])
                                                      4.036    10.182 r  system_i/dds_phase_corrector_0/inst/mult_result0/PCOUT[15]
                         net (fo=1, routed)           0.002    10.184    system_i/dds_phase_corrector_0/inst/mult_result0_n_138
    DSP48_X0Y15          DSP48E1                                      r  system_i/dds_phase_corrector_0/inst/mult_result_reg/PCIN[15]
  -------------------------------------------------------------------    -------------------

                         (clock adc_clk rise edge)    8.000     8.000 r  
    U18                                               0.000     8.000 r  adc_clk_p_i (IN)
                         net (fo=0)                   0.000     8.000    system_i/DataAcquisition/axis_red_pitaya_adc_0/inst/adc_clk_p
    U18                  IBUFDS (Prop_ibufds_I_O)     0.940     8.940 r  system_i/DataAcquisition/axis_red_pitaya_adc_0/inst/adc_clk_inst0/O
                         net (fo=1, routed)           1.880    10.820    system_i/DataAcquisition/axis_red_pitaya_adc_0/inst/int_clk0
    BUFGCTRL_X0Y1        BUFG (Prop_bufg_I_O)         0.092    10.912 r  system_i/DataAcquisition/axis_red_pitaya_adc_0/inst/adc_clk_inst/O
                         net (fo=1363, routed)        1.594    12.506    system_i/dds_phase_corrector_0/inst/clk
    DSP48_X0Y15          DSP48E1                                      r  system_i/dds_phase_corrector_0/inst/mult_result_reg/CLK
                         clock pessimism              0.364    12.870    
                         clock uncertainty           -0.035    12.834    
    DSP48_X0Y15          DSP48E1 (Setup_dsp48e1_CLK_PCIN[15])
                                                     -1.400    11.434    system_i/dds_phase_corrector_0/inst/mult_result_reg
  -------------------------------------------------------------------
                         required time                         11.434    
                         arrival time                         -10.184    
  -------------------------------------------------------------------
                         slack                                  1.251    

Slack (MET) :             1.251ns  (required time - arrival time)
  Source:                 system_i/phase_unwrap_0/inst/phase_accum_reg[16]/C
                            (rising edge-triggered cell FDRE clocked by adc_clk  {rise@0.000ns fall@4.000ns period=8.000ns})
  Destination:            system_i/dds_phase_corrector_0/inst/mult_result_reg/PCIN[16]
                            (rising edge-triggered cell DSP48E1 clocked by adc_clk  {rise@0.000ns fall@4.000ns period=8.000ns})
  Path Group:             adc_clk
  Path Type:              Setup (Max at Slow Process Corner)
  Requirement:            8.000ns  (adc_clk rise@8.000ns - adc_clk rise@0.000ns)
  Data Path Delay:        5.349ns  (logic 4.492ns (83.971%)  route 0.857ns (16.029%))
  Logic Levels:           1  (DSP48E1=1)
  Clock Path Skew:        0.036ns (DCD - SCD + CPR)
    Destination Clock Delay (DCD):    4.506ns = ( 12.506 - 8.000 ) 
    Source Clock Delay      (SCD):    4.834ns
    Clock Pessimism Removal (CPR):    0.364ns
  Clock Uncertainty:      0.035ns  ((TSJ^2 + TIJ^2)^1/2 + DJ) / 2 + PE
    Total System Jitter     (TSJ):    0.071ns
    Total Input Jitter      (TIJ):    0.000ns
    Discrete Jitter          (DJ):    0.000ns
    Phase Error              (PE):    0.000ns

    Location             Delay type                Incr(ns)  Path(ns)    Netlist Resource(s)
  -------------------------------------------------------------------    -------------------
                         (clock adc_clk rise edge)    0.000     0.000 r  
    U18                                               0.000     0.000 r  adc_clk_p_i (IN)
                         net (fo=0)                   0.000     0.000    system_i/DataAcquisition/axis_red_pitaya_adc_0/inst/adc_clk_p
    U18                  IBUFDS (Prop_ibufds_I_O)     0.983     0.983 r  system_i/DataAcquisition/axis_red_pitaya_adc_0/inst/adc_clk_inst0/O
                         net (fo=1, routed)           2.076     3.059    system_i/DataAcquisition/axis_red_pitaya_adc_0/inst/int_clk0
    BUFGCTRL_X0Y1        BUFG (Prop_bufg_I_O)         0.102     3.161 r  system_i/DataAcquisition/axis_red_pitaya_adc_0/inst/adc_clk_inst/O
                         net (fo=1363, routed)        1.673     4.834    system_i/phase_unwrap_0/inst/aclk
    SLICE_X15Y38         FDRE                                         r  system_i/phase_unwrap_0/inst/phase_accum_reg[16]/C
  -------------------------------------------------------------------    -------------------
    SLICE_X15Y38         FDRE (Prop_fdre_C_Q)         0.456     5.290 r  system_i/phase_unwrap_0/inst/phase_accum_reg[16]/Q
                         net (fo=3, routed)           0.855     6.146    system_i/dds_phase_corrector_0/inst/accum_raw[16]
    DSP48_X0Y14          DSP48E1 (Prop_dsp48e1_A[16]_PCOUT[16])
                                                      4.036    10.182 r  system_i/dds_phase_corrector_0/inst/mult_result0/PCOUT[16]
                         net (fo=1, routed)           0.002    10.184    system_i/dds_phase_corrector_0/inst/mult_result0_n_137
    DSP48_X0Y15          DSP48E1                                      r  system_i/dds_phase_corrector_0/inst/mult_result_reg/PCIN[16]
  -------------------------------------------------------------------    -------------------

                         (clock adc_clk rise edge)    8.000     8.000 r  
    U18                                               0.000     8.000 r  adc_clk_p_i (IN)
                         net (fo=0)                   0.000     8.000    system_i/DataAcquisition/axis_red_pitaya_adc_0/inst/adc_clk_p
    U18                  IBUFDS (Prop_ibufds_I_O)     0.940     8.940 r  system_i/DataAcquisition/axis_red_pitaya_adc_0/inst/adc_clk_inst0/O
                         net (fo=1, routed)           1.880    10.820    system_i/DataAcquisition/axis_red_pitaya_adc_0/inst/int_clk0
    BUFGCTRL_X0Y1        BUFG (Prop_bufg_I_O)         0.092    10.912 r  system_i/DataAcquisition/axis_red_pitaya_adc_0/inst/adc_clk_inst/O
                         net (fo=1363, routed)        1.594    12.506    system_i/dds_phase_corrector_0/inst/clk
    DSP48_X0Y15          DSP48E1                                      r  system_i/dds_phase_corrector_0/inst/mult_result_reg/CLK
                         clock pessimism              0.364    12.870    
                         clock uncertainty           -0.035    12.834    
    DSP48_X0Y15          DSP48E1 (Setup_dsp48e1_CLK_PCIN[16])
                                                     -1.400    11.434    system_i/dds_phase_corrector_0/inst/mult_result_reg
  -------------------------------------------------------------------
                         required time                         11.434    
                         arrival time                         -10.184    
  -------------------------------------------------------------------
                         slack                                  1.251    

Slack (MET) :             1.251ns  (required time - arrival time)
  Source:                 system_i/phase_unwrap_0/inst/phase_accum_reg[16]/C
                            (rising edge-triggered cell FDRE clocked by adc_clk  {rise@0.000ns fall@4.000ns period=8.000ns})
  Destination:            system_i/dds_phase_corrector_0/inst/mult_result_reg/PCIN[17]
                            (rising edge-triggered cell DSP48E1 clocked by adc_clk  {rise@0.000ns fall@4.000ns period=8.000ns})
  Path Group:             adc_clk
  Path Type:              Setup (Max at Slow Process Corner)
  Requirement:            8.000ns  (adc_clk rise@8.000ns - adc_clk rise@0.000ns)
  Data Path Delay:        5.349ns  (logic 4.492ns (83.971%)  route 0.857ns (16.029%))
  Logic Levels:           1  (DSP48E1=1)
  Clock Path Skew:        0.036ns (DCD - SCD + CPR)
    Destination Clock Delay (DCD):    4.506ns = ( 12.506 - 8.000 ) 
    Source Clock Delay      (SCD):    4.834ns
    Clock Pessimism Removal (CPR):    0.364ns
  Clock Uncertainty:      0.035ns  ((TSJ^2 + TIJ^2)^1/2 + DJ) / 2 + PE
    Total System Jitter     (TSJ):    0.071ns
    Total Input Jitter      (TIJ):    0.000ns
    Discrete Jitter          (DJ):    0.000ns
    Phase Error              (PE):    0.000ns

    Location             Delay type                Incr(ns)  Path(ns)    Netlist Resource(s)
  -------------------------------------------------------------------    -------------------
                         (clock adc_clk rise edge)    0.000     0.000 r  
    U18                                               0.000     0.000 r  adc_clk_p_i (IN)
                         net (fo=0)                   0.000     0.000    system_i/DataAcquisition/axis_red_pitaya_adc_0/inst/adc_clk_p
    U18                  IBUFDS (Prop_ibufds_I_O)     0.983     0.983 r  system_i/DataAcquisition/axis_red_pitaya_adc_0/inst/adc_clk_inst0/O
                         net (fo=1, routed)           2.076     3.059    system_i/DataAcquisition/axis_red_pitaya_adc_0/inst/int_clk0
    BUFGCTRL_X0Y1        BUFG (Prop_bufg_I_O)         0.102     3.161 r  system_i/DataAcquisition/axis_red_pitaya_adc_0/inst/adc_clk_inst/O
                         net (fo=1363, routed)        1.673     4.834    system_i/phase_unwrap_0/inst/aclk
    SLICE_X15Y38         FDRE                                         r  system_i/phase_unwrap_0/inst/phase_accum_reg[16]/C
  -------------------------------------------------------------------    -------------------
    SLICE_X15Y38         FDRE (Prop_fdre_C_Q)         0.456     5.290 r  system_i/phase_unwrap_0/inst/phase_accum_reg[16]/Q
                         net (fo=3, routed)           0.855     6.146    system_i/dds_phase_corrector_0/inst/accum_raw[16]
    DSP48_X0Y14          DSP48E1 (Prop_dsp48e1_A[16]_PCOUT[17])
                                                      4.036    10.182 r  system_i/dds_phase_corrector_0/inst/mult_result0/PCOUT[17]
                         net (fo=1, routed)           0.002    10.184    system_i/dds_phase_corrector_0/inst/mult_result0_n_136
    DSP48_X0Y15          DSP48E1                                      r  system_i/dds_phase_corrector_0/inst/mult_result_reg/PCIN[17]
  -------------------------------------------------------------------    -------------------

                         (clock adc_clk rise edge)    8.000     8.000 r  
    U18                                               0.000     8.000 r  adc_clk_p_i (IN)
                         net (fo=0)                   0.000     8.000    system_i/DataAcquisition/axis_red_pitaya_adc_0/inst/adc_clk_p
    U18                  IBUFDS (Prop_ibufds_I_O)     0.940     8.940 r  system_i/DataAcquisition/axis_red_pitaya_adc_0/inst/adc_clk_inst0/O
                         net (fo=1, routed)           1.880    10.820    system_i/DataAcquisition/axis_red_pitaya_adc_0/inst/int_clk0
    BUFGCTRL_X0Y1        BUFG (Prop_bufg_I_O)         0.092    10.912 r  system_i/DataAcquisition/axis_red_pitaya_adc_0/inst/adc_clk_inst/O
                         net (fo=1363, routed)        1.594    12.506    system_i/dds_phase_corrector_0/inst/clk
    DSP48_X0Y15          DSP48E1                                      r  system_i/dds_phase_corrector_0/inst/mult_result_reg/CLK
                         clock pessimism              0.364    12.870    
                         clock uncertainty           -0.035    12.834    
    DSP48_X0Y15          DSP48E1 (Setup_dsp48e1_CLK_PCIN[17])
                                                     -1.400    11.434    system_i/dds_phase_corrector_0/inst/mult_result_reg
  -------------------------------------------------------------------
                         required time                         11.434    
                         arrival time                         -10.184    
  -------------------------------------------------------------------
                         slack                                  1.251    





Min Delay Paths
--------------------------------------------------------------------------------------
Slack (MET) :             0.058ns  (arrival time - required time)
  Source:                 system_i/dds_compiler_0/U0/i_synth/i_dds/I_SINCOS.i_std_rom.i_rom/i_rtl.i_quarter_table.i_has_sin.i_addr_mod_stage1.mod_sin_addr_reg[10]/C
                            (rising edge-triggered cell FDRE clocked by adc_clk  {rise@0.000ns fall@4.000ns period=8.000ns})
  Destination:            system_i/dds_compiler_0/U0/i_synth/i_dds/I_SINCOS.i_std_rom.i_rom/i_rtl.i_quarter_table.i_block_rom.i_pipe_1.pre_asyn_sin_RAM_op_reg_1/ADDRARDADDR[13]
                            (rising edge-triggered cell RAMB36E1 clocked by adc_clk  {rise@0.000ns fall@4.000ns period=8.000ns})
  Path Group:             adc_clk
  Path Type:              Hold (Min at Fast Process Corner)
  Requirement:            0.000ns  (adc_clk rise@0.000ns - adc_clk rise@0.000ns)
  Data Path Delay:        0.298ns  (logic 0.141ns (47.294%)  route 0.157ns (52.706%))
  Logic Levels:           0  
  Clock Path Skew:        0.057ns (DCD - SCD - CPR)
    Destination Clock Delay (DCD):    2.018ns
    Source Clock Delay      (SCD):    1.616ns
    Clock Pessimism Removal (CPR):    0.345ns

    Location             Delay type                Incr(ns)  Path(ns)    Netlist Resource(s)
  -------------------------------------------------------------------    -------------------
                         (clock adc_clk rise edge)    0.000     0.000 r  
    U18                                               0.000     0.000 r  adc_clk_p_i (IN)
                         net (fo=0)                   0.000     0.000    system_i/DataAcquisition/axis_red_pitaya_adc_0/inst/adc_clk_p
    U18                  IBUFDS (Prop_ibufds_I_O)     0.401     0.401 r  system_i/DataAcquisition/axis_red_pitaya_adc_0/inst/adc_clk_inst0/O
                         net (fo=1, routed)           0.627     1.029    system_i/DataAcquisition/axis_red_pitaya_adc_0/inst/int_clk0
    BUFGCTRL_X0Y1        BUFG (Prop_bufg_I_O)         0.027     1.056 r  system_i/DataAcquisition/axis_red_pitaya_adc_0/inst/adc_clk_inst/O
                         net (fo=1363, routed)        0.561     1.616    system_i/dds_compiler_0/U0/i_synth/i_dds/I_SINCOS.i_std_rom.i_rom/aclk
    SLICE_X35Y55         FDRE                                         r  system_i/dds_compiler_0/U0/i_synth/i_dds/I_SINCOS.i_std_rom.i_rom/i_rtl.i_quarter_table.i_has_sin.i_addr_mod_stage1.mod_sin_addr_reg[10]/C
  -------------------------------------------------------------------    -------------------
    SLICE_X35Y55         FDRE (Prop_fdre_C_Q)         0.141     1.757 r  system_i/dds_compiler_0/U0/i_synth/i_dds/I_SINCOS.i_std_rom.i_rom/i_rtl.i_quarter_table.i_has_sin.i_addr_mod_stage1.mod_sin_addr_reg[10]/Q
                         net (fo=2, routed)           0.157     1.914    system_i/dds_compiler_0/U0/i_synth/i_dds/I_SINCOS.i_std_rom.i_rom/i_rtl.i_quarter_table.i_has_sin.i_addr_mod_stage1.mod_sin_addr_reg_n_0_[10]
    RAMB36_X2Y11         RAMB36E1                                     r  system_i/dds_compiler_0/U0/i_synth/i_dds/I_SINCOS.i_std_rom.i_rom/i_rtl.i_quarter_table.i_block_rom.i_pipe_1.pre_asyn_sin_RAM_op_reg_1/ADDRARDADDR[13]
  -------------------------------------------------------------------    -------------------

                         (clock adc_clk rise edge)    0.000     0.000 r  
    U18                                               0.000     0.000 r  adc_clk_p_i (IN)
                         net (fo=0)                   0.000     0.000    system_i/DataAcquisition/axis_red_pitaya_adc_0/inst/adc_clk_p
    U18                  IBUFDS (Prop_ibufds_I_O)     0.433     0.433 r  system_i/DataAcquisition/axis_red_pitaya_adc_0/inst/adc_clk_inst0/O
                         net (fo=1, routed)           0.683     1.116    system_i/DataAcquisition/axis_red_pitaya_adc_0/inst/int_clk0
    BUFGCTRL_X0Y1        BUFG (Prop_bufg_I_O)         0.030     1.146 r  system_i/DataAcquisition/axis_red_pitaya_adc_0/inst/adc_clk_inst/O
                         net (fo=1363, routed)        0.872     2.018    system_i/dds_compiler_0/U0/i_synth/i_dds/I_SINCOS.i_std_rom.i_rom/aclk
    RAMB36_X2Y11         RAMB36E1                                     r  system_i/dds_compiler_0/U0/i_synth/i_dds/I_SINCOS.i_std_rom.i_rom/i_rtl.i_quarter_table.i_block_rom.i_pipe_1.pre_asyn_sin_RAM_op_reg_1/CLKARDCLK
                         clock pessimism             -0.345     1.674    
    RAMB36_X2Y11         RAMB36E1 (Hold_ramb36e1_CLKARDCLK_ADDRARDADDR[13])
                                                      0.183     1.857    system_i/dds_compiler_0/U0/i_synth/i_dds/I_SINCOS.i_std_rom.i_rom/i_rtl.i_quarter_table.i_block_rom.i_pipe_1.pre_asyn_sin_RAM_op_reg_1
  -------------------------------------------------------------------
                         required time                         -1.857    
                         arrival time                           1.914    
  -------------------------------------------------------------------
                         slack                                  0.058    

Slack (MET) :             0.067ns  (arrival time - required time)
  Source:                 system_i/cordic_0/U0/i_synth/i_nd_to_rdy/opt_has_pipe.first_q_reg[0]/C
                            (rising edge-triggered cell FDRE clocked by adc_clk  {rise@0.000ns fall@4.000ns period=8.000ns})
  Destination:            system_i/cordic_0/U0/i_synth/i_nd_to_rdy/opt_has_pipe.i_pipe[19].pipe_reg[19][0]_srl18/D
                            (rising edge-triggered cell SRLC32E clocked by adc_clk  {rise@0.000ns fall@4.000ns period=8.000ns})
  Path Group:             adc_clk
  Path Type:              Hold (Min at Fast Process Corner)
  Requirement:            0.000ns  (adc_clk rise@0.000ns - adc_clk rise@0.000ns)
  Data Path Delay:        0.197ns  (logic 0.141ns (71.611%)  route 0.056ns (28.389%))
  Logic Levels:           0  
  Clock Path Skew:        0.013ns (DCD - SCD - CPR)
    Destination Clock Delay (DCD):    1.973ns
    Source Clock Delay      (SCD):    1.614ns
    Clock Pessimism Removal (CPR):    0.346ns

    Location             Delay type                Incr(ns)  Path(ns)    Netlist Resource(s)
  -------------------------------------------------------------------    -------------------
                         (clock adc_clk rise edge)    0.000     0.000 r  
    U18                                               0.000     0.000 r  adc_clk_p_i (IN)
                         net (fo=0)                   0.000     0.000    system_i/DataAcquisition/axis_red_pitaya_adc_0/inst/adc_clk_p
    U18                  IBUFDS (Prop_ibufds_I_O)     0.401     0.401 r  system_i/DataAcquisition/axis_red_pitaya_adc_0/inst/adc_clk_inst0/O
                         net (fo=1, routed)           0.627     1.029    system_i/DataAcquisition/axis_red_pitaya_adc_0/inst/int_clk0
    BUFGCTRL_X0Y1        BUFG (Prop_bufg_I_O)         0.027     1.056 r  system_i/DataAcquisition/axis_red_pitaya_adc_0/inst/adc_clk_inst/O
                         net (fo=1363, routed)        0.559     1.614    system_i/cordic_0/U0/i_synth/i_nd_to_rdy/aclk
    SLICE_X25Y41         FDRE                                         r  system_i/cordic_0/U0/i_synth/i_nd_to_rdy/opt_has_pipe.first_q_reg[0]/C
  -------------------------------------------------------------------    -------------------
    SLICE_X25Y41         FDRE (Prop_fdre_C_Q)         0.141     1.755 r  system_i/cordic_0/U0/i_synth/i_nd_to_rdy/opt_has_pipe.first_q_reg[0]/Q
                         net (fo=1, routed)           0.056     1.811    system_i/cordic_0/U0/i_synth/i_nd_to_rdy/first_q
    SLICE_X24Y41         SRLC32E                                      r  system_i/cordic_0/U0/i_synth/i_nd_to_rdy/opt_has_pipe.i_pipe[19].pipe_reg[19][0]_srl18/D
  -------------------------------------------------------------------    -------------------

                         (clock adc_clk rise edge)    0.000     0.000 r  
    U18                                               0.000     0.000 r  adc_clk_p_i (IN)
                         net (fo=0)                   0.000     0.000    system_i/DataAcquisition/axis_red_pitaya_adc_0/inst/adc_clk_p
    U18                  IBUFDS (Prop_ibufds_I_O)     0.433     0.433 r  system_i/DataAcquisition/axis_red_pitaya_adc_0/inst/adc_clk_inst0/O
                         net (fo=1, routed)           0.683     1.116    system_i/DataAcquisition/axis_red_pitaya_adc_0/inst/int_clk0
    BUFGCTRL_X0Y1        BUFG (Prop_bufg_I_O)         0.030     1.146 r  system_i/DataAcquisition/axis_red_pitaya_adc_0/inst/adc_clk_inst/O
                         net (fo=1363, routed)        0.827     1.973    system_i/cordic_0/U0/i_synth/i_nd_to_rdy/aclk
    SLICE_X24Y41         SRLC32E                                      r  system_i/cordic_0/U0/i_synth/i_nd_to_rdy/opt_has_pipe.i_pipe[19].pipe_reg[19][0]_srl18/CLK
                         clock pessimism             -0.346     1.627    
    SLICE_X24Y41         SRLC32E (Hold_srlc32e_CLK_D)
                                                      0.117     1.744    system_i/cordic_0/U0/i_synth/i_nd_to_rdy/opt_has_pipe.i_pipe[19].pipe_reg[19][0]_srl18
  -------------------------------------------------------------------
                         required time                         -1.744    
                         arrival time                           1.811    
  -------------------------------------------------------------------
                         slack                                  0.067    

Slack (MET) :             0.119ns  (arrival time - required time)
  Source:                 system_i/dds_compiler_0/U0/i_synth/i_dds/I_SINCOS.i_std_rom.i_rom/i_rtl.i_quarter_table.i_has_cos.i_addr_mod_stage1.mod_cos_addr_reg[8]/C
                            (rising edge-triggered cell FDRE clocked by adc_clk  {rise@0.000ns fall@4.000ns period=8.000ns})
  Destination:            system_i/dds_compiler_0/U0/i_synth/i_dds/I_SINCOS.i_std_rom.i_rom/i_rtl.i_quarter_table.i_block_rom.i_pipe_1.pre_asyn_sin_RAM_op_reg_1/ADDRBWRADDR[11]
                            (rising edge-triggered cell RAMB36E1 clocked by adc_clk  {rise@0.000ns fall@4.000ns period=8.000ns})
  Path Group:             adc_clk
  Path Type:              Hold (Min at Fast Process Corner)
  Requirement:            0.000ns  (adc_clk rise@0.000ns - adc_clk rise@0.000ns)
  Data Path Delay:        0.361ns  (logic 0.141ns (39.090%)  route 0.220ns (60.910%))
  Logic Levels:           0  
  Clock Path Skew:        0.058ns (DCD - SCD - CPR)
    Destination Clock Delay (DCD):    2.019ns
    Source Clock Delay      (SCD):    1.616ns
    Clock Pessimism Removal (CPR):    0.345ns

    Location             Delay type                Incr(ns)  Path(ns)    Netlist Resource(s)
  -------------------------------------------------------------------    -------------------
                         (clock adc_clk rise edge)    0.000     0.000 r  
    U18                                               0.000     0.000 r  adc_clk_p_i (IN)
                         net (fo=0)                   0.000     0.000    system_i/DataAcquisition/axis_red_pitaya_adc_0/inst/adc_clk_p
    U18                  IBUFDS (Prop_ibufds_I_O)     0.401     0.401 r  system_i/DataAcquisition/axis_red_pitaya_adc_0/inst/adc_clk_inst0/O
                         net (fo=1, routed)           0.627     1.029    system_i/DataAcquisition/axis_red_pitaya_adc_0/inst/int_clk0
    BUFGCTRL_X0Y1        BUFG (Prop_bufg_I_O)         0.027     1.056 r  system_i/DataAcquisition/axis_red_pitaya_adc_0/inst/adc_clk_inst/O
                         net (fo=1363, routed)        0.561     1.616    system_i/dds_compiler_0/U0/i_synth/i_dds/I_SINCOS.i_std_rom.i_rom/aclk
    SLICE_X35Y55         FDRE                                         r  system_i/dds_compiler_0/U0/i_synth/i_dds/I_SINCOS.i_std_rom.i_rom/i_rtl.i_quarter_table.i_has_cos.i_addr_mod_stage1.mod_cos_addr_reg[8]/C
  -------------------------------------------------------------------    -------------------
    SLICE_X35Y55         FDRE (Prop_fdre_C_Q)         0.141     1.757 r  system_i/dds_compiler_0/U0/i_synth/i_dds/I_SINCOS.i_std_rom.i_rom/i_rtl.i_quarter_table.i_has_cos.i_addr_mod_stage1.mod_cos_addr_reg[8]/Q
                         net (fo=2, routed)           0.220     1.977    system_i/dds_compiler_0/U0/i_synth/i_dds/I_SINCOS.i_std_rom.i_rom/i_rtl.i_quarter_table.i_has_cos.i_addr_mod_stage1.mod_cos_addr_reg_n_0_[8]
    RAMB36_X2Y11         RAMB36E1                                     r  system_i/dds_compiler_0/U0/i_synth/i_dds/I_SINCOS.i_std_rom.i_rom/i_rtl.i_quarter_table.i_block_rom.i_pipe_1.pre_asyn_sin_RAM_op_reg_1/ADDRBWRADDR[11]
  -------------------------------------------------------------------    -------------------

                         (clock adc_clk rise edge)    0.000     0.000 r  
    U18                                               0.000     0.000 r  adc_clk_p_i (IN)
                         net (fo=0)                   0.000     0.000    system_i/DataAcquisition/axis_red_pitaya_adc_0/inst/adc_clk_p
    U18                  IBUFDS (Prop_ibufds_I_O)     0.433     0.433 r  system_i/DataAcquisition/axis_red_pitaya_adc_0/inst/adc_clk_inst0/O
                         net (fo=1, routed)           0.683     1.116    system_i/DataAcquisition/axis_red_pitaya_adc_0/inst/int_clk0
    BUFGCTRL_X0Y1        BUFG (Prop_bufg_I_O)         0.030     1.146 r  system_i/DataAcquisition/axis_red_pitaya_adc_0/inst/adc_clk_inst/O
                         net (fo=1363, routed)        0.873     2.019    system_i/dds_compiler_0/U0/i_synth/i_dds/I_SINCOS.i_std_rom.i_rom/aclk
    RAMB36_X2Y11         RAMB36E1                                     r  system_i/dds_compiler_0/U0/i_synth/i_dds/I_SINCOS.i_std_rom.i_rom/i_rtl.i_quarter_table.i_block_rom.i_pipe_1.pre_asyn_sin_RAM_op_reg_1/CLKBWRCLK
                         clock pessimism             -0.345     1.675    
    RAMB36_X2Y11         RAMB36E1 (Hold_ramb36e1_CLKBWRCLK_ADDRBWRADDR[11])
                                                      0.183     1.858    system_i/dds_compiler_0/U0/i_synth/i_dds/I_SINCOS.i_std_rom.i_rom/i_rtl.i_quarter_table.i_block_rom.i_pipe_1.pre_asyn_sin_RAM_op_reg_1
  -------------------------------------------------------------------
                         required time                         -1.858    
                         arrival time                           1.977    
  -------------------------------------------------------------------
                         slack                                  0.119    

Slack (MET) :             0.122ns  (arrival time - required time)
  Source:                 system_i/adc_voltage_half_0/inst/adc_out_reg[6]/C
                            (rising edge-triggered cell FDRE clocked by adc_clk  {rise@0.000ns fall@4.000ns period=8.000ns})
  Destination:            system_i/cordic_0/U0/i_synth/i_synth/gen_cordic.input_stage/gen_input_regs.data_x_int_reg[10]/D
                            (rising edge-triggered cell FDRE clocked by adc_clk  {rise@0.000ns fall@4.000ns period=8.000ns})
  Path Group:             adc_clk
  Path Type:              Hold (Min at Fast Process Corner)
  Requirement:            0.000ns  (adc_clk rise@0.000ns - adc_clk rise@0.000ns)
  Data Path Delay:        0.197ns  (logic 0.141ns (71.611%)  route 0.056ns (28.389%))
  Logic Levels:           0  
  Clock Path Skew:        0.000ns (DCD - SCD - CPR)
    Destination Clock Delay (DCD):    1.994ns
    Source Clock Delay      (SCD):    1.637ns
    Clock Pessimism Removal (CPR):    0.357ns

    Location             Delay type                Incr(ns)  Path(ns)    Netlist Resource(s)
  -------------------------------------------------------------------    -------------------
                         (clock adc_clk rise edge)    0.000     0.000 r  
    U18                                               0.000     0.000 r  adc_clk_p_i (IN)
                         net (fo=0)                   0.000     0.000    system_i/DataAcquisition/axis_red_pitaya_adc_0/inst/adc_clk_p
    U18                  IBUFDS (Prop_ibufds_I_O)     0.401     0.401 r  system_i/DataAcquisition/axis_red_pitaya_adc_0/inst/adc_clk_inst0/O
                         net (fo=1, routed)           0.627     1.029    system_i/DataAcquisition/axis_red_pitaya_adc_0/inst/int_clk0
    BUFGCTRL_X0Y1        BUFG (Prop_bufg_I_O)         0.027     1.056 r  system_i/DataAcquisition/axis_red_pitaya_adc_0/inst/adc_clk_inst/O
                         net (fo=1363, routed)        0.582     1.637    system_i/adc_voltage_half_0/inst/clk
    SLICE_X43Y22         FDRE                                         r  system_i/adc_voltage_half_0/inst/adc_out_reg[6]/C
  -------------------------------------------------------------------    -------------------
    SLICE_X43Y22         FDRE (Prop_fdre_C_Q)         0.141     1.778 r  system_i/adc_voltage_half_0/inst/adc_out_reg[6]/Q
                         net (fo=1, routed)           0.056     1.834    system_i/cordic_0/U0/i_synth/i_synth/gen_cordic.input_stage/s_axis_cartesian_tdata[6]
    SLICE_X43Y22         FDRE                                         r  system_i/cordic_0/U0/i_synth/i_synth/gen_cordic.input_stage/gen_input_regs.data_x_int_reg[10]/D
  -------------------------------------------------------------------    -------------------

                         (clock adc_clk rise edge)    0.000     0.000 r  
    U18                                               0.000     0.000 r  adc_clk_p_i (IN)
                         net (fo=0)                   0.000     0.000    system_i/DataAcquisition/axis_red_pitaya_adc_0/inst/adc_clk_p
    U18                  IBUFDS (Prop_ibufds_I_O)     0.433     0.433 r  system_i/DataAcquisition/axis_red_pitaya_adc_0/inst/adc_clk_inst0/O
                         net (fo=1, routed)           0.683     1.116    system_i/DataAcquisition/axis_red_pitaya_adc_0/inst/int_clk0
    BUFGCTRL_X0Y1        BUFG (Prop_bufg_I_O)         0.030     1.146 r  system_i/DataAcquisition/axis_red_pitaya_adc_0/inst/adc_clk_inst/O
                         net (fo=1363, routed)        0.848     1.994    system_i/cordic_0/U0/i_synth/i_synth/gen_cordic.input_stage/aclk
    SLICE_X43Y22         FDRE                                         r  system_i/cordic_0/U0/i_synth/i_synth/gen_cordic.input_stage/gen_input_regs.data_x_int_reg[10]/C
                         clock pessimism             -0.357     1.637    
    SLICE_X43Y22         FDRE (Hold_fdre_C_D)         0.075     1.712    system_i/cordic_0/U0/i_synth/i_synth/gen_cordic.input_stage/gen_input_regs.data_x_int_reg[10]
  -------------------------------------------------------------------
                         required time                         -1.712    
                         arrival time                           1.834    
  -------------------------------------------------------------------
                         slack                                  0.122    

Slack (MET) :             0.122ns  (arrival time - required time)
  Source:                 system_i/adc_voltage_half_1/inst/adc_out_reg[11]/C
                            (rising edge-triggered cell FDRE clocked by adc_clk  {rise@0.000ns fall@4.000ns period=8.000ns})
  Destination:            system_i/cordic_0/U0/i_synth/i_synth/gen_cordic.input_stage/gen_input_regs.data_y_int_reg[15]/D
                            (rising edge-triggered cell FDRE clocked by adc_clk  {rise@0.000ns fall@4.000ns period=8.000ns})
  Path Group:             adc_clk
  Path Type:              Hold (Min at Fast Process Corner)
  Requirement:            0.000ns  (adc_clk rise@0.000ns - adc_clk rise@0.000ns)
  Data Path Delay:        0.197ns  (logic 0.141ns (71.611%)  route 0.056ns (28.389%))
  Logic Levels:           0  
  Clock Path Skew:        0.000ns (DCD - SCD - CPR)
    Destination Clock Delay (DCD):    1.998ns
    Source Clock Delay      (SCD):    1.640ns
    Clock Pessimism Removal (CPR):    0.358ns

    Location             Delay type                Incr(ns)  Path(ns)    Netlist Resource(s)
  -------------------------------------------------------------------    -------------------
                         (clock adc_clk rise edge)    0.000     0.000 r  
    U18                                               0.000     0.000 r  adc_clk_p_i (IN)
                         net (fo=0)                   0.000     0.000    system_i/DataAcquisition/axis_red_pitaya_adc_0/inst/adc_clk_p
    U18                  IBUFDS (Prop_ibufds_I_O)     0.401     0.401 r  system_i/DataAcquisition/axis_red_pitaya_adc_0/inst/adc_clk_inst0/O
                         net (fo=1, routed)           0.627     1.029    system_i/DataAcquisition/axis_red_pitaya_adc_0/inst/int_clk0
    BUFGCTRL_X0Y1        BUFG (Prop_bufg_I_O)         0.027     1.056 r  system_i/DataAcquisition/axis_red_pitaya_adc_0/inst/adc_clk_inst/O
                         net (fo=1363, routed)        0.585     1.640    system_i/adc_voltage_half_1/inst/clk
    SLICE_X41Y31         FDRE                                         r  system_i/adc_voltage_half_1/inst/adc_out_reg[11]/C
  -------------------------------------------------------------------    -------------------
    SLICE_X41Y31         FDRE (Prop_fdre_C_Q)         0.141     1.781 r  system_i/adc_voltage_half_1/inst/adc_out_reg[11]/Q
                         net (fo=1, routed)           0.056     1.837    system_i/cordic_0/U0/i_synth/i_synth/gen_cordic.input_stage/s_axis_cartesian_tdata[27]
    SLICE_X41Y31         FDRE                                         r  system_i/cordic_0/U0/i_synth/i_synth/gen_cordic.input_stage/gen_input_regs.data_y_int_reg[15]/D
  -------------------------------------------------------------------    -------------------

                         (clock adc_clk rise edge)    0.000     0.000 r  
    U18                                               0.000     0.000 r  adc_clk_p_i (IN)
                         net (fo=0)                   0.000     0.000    system_i/DataAcquisition/axis_red_pitaya_adc_0/inst/adc_clk_p
    U18                  IBUFDS (Prop_ibufds_I_O)     0.433     0.433 r  system_i/DataAcquisition/axis_red_pitaya_adc_0/inst/adc_clk_inst0/O
                         net (fo=1, routed)           0.683     1.116    system_i/DataAcquisition/axis_red_pitaya_adc_0/inst/int_clk0
    BUFGCTRL_X0Y1        BUFG (Prop_bufg_I_O)         0.030     1.146 r  system_i/DataAcquisition/axis_red_pitaya_adc_0/inst/adc_clk_inst/O
                         net (fo=1363, routed)        0.852     1.998    system_i/cordic_0/U0/i_synth/i_synth/gen_cordic.input_stage/aclk
    SLICE_X41Y31         FDRE                                         r  system_i/cordic_0/U0/i_synth/i_synth/gen_cordic.input_stage/gen_input_regs.data_y_int_reg[15]/C
                         clock pessimism             -0.358     1.640    
    SLICE_X41Y31         FDRE (Hold_fdre_C_D)         0.075     1.715    system_i/cordic_0/U0/i_synth/i_synth/gen_cordic.input_stage/gen_input_regs.data_y_int_reg[15]
  -------------------------------------------------------------------
                         required time                         -1.715    
                         arrival time                           1.837    
  -------------------------------------------------------------------
                         slack                                  0.122    

Slack (MET) :             0.122ns  (arrival time - required time)
  Source:                 system_i/adc_voltage_half_1/inst/adc_out_reg[2]/C
                            (rising edge-triggered cell FDRE clocked by adc_clk  {rise@0.000ns fall@4.000ns period=8.000ns})
  Destination:            system_i/cordic_0/U0/i_synth/i_synth/gen_cordic.input_stage/gen_input_regs.data_y_int_reg[6]/D
                            (rising edge-triggered cell FDRE clocked by adc_clk  {rise@0.000ns fall@4.000ns period=8.000ns})
  Path Group:             adc_clk
  Path Type:              Hold (Min at Fast Process Corner)
  Requirement:            0.000ns  (adc_clk rise@0.000ns - adc_clk rise@0.000ns)
  Data Path Delay:        0.197ns  (logic 0.141ns (71.611%)  route 0.056ns (28.389%))
  Logic Levels:           0  
  Clock Path Skew:        0.000ns (DCD - SCD - CPR)
    Destination Clock Delay (DCD):    1.995ns
    Source Clock Delay      (SCD):    1.637ns
    Clock Pessimism Removal (CPR):    0.358ns

    Location             Delay type                Incr(ns)  Path(ns)    Netlist Resource(s)
  -------------------------------------------------------------------    -------------------
                         (clock adc_clk rise edge)    0.000     0.000 r  
    U18                                               0.000     0.000 r  adc_clk_p_i (IN)
                         net (fo=0)                   0.000     0.000    system_i/DataAcquisition/axis_red_pitaya_adc_0/inst/adc_clk_p
    U18                  IBUFDS (Prop_ibufds_I_O)     0.401     0.401 r  system_i/DataAcquisition/axis_red_pitaya_adc_0/inst/adc_clk_inst0/O
                         net (fo=1, routed)           0.627     1.029    system_i/DataAcquisition/axis_red_pitaya_adc_0/inst/int_clk0
    BUFGCTRL_X0Y1        BUFG (Prop_bufg_I_O)         0.027     1.056 r  system_i/DataAcquisition/axis_red_pitaya_adc_0/inst/adc_clk_inst/O
                         net (fo=1363, routed)        0.582     1.637    system_i/adc_voltage_half_1/inst/clk
    SLICE_X43Y28         FDRE                                         r  system_i/adc_voltage_half_1/inst/adc_out_reg[2]/C
  -------------------------------------------------------------------    -------------------
    SLICE_X43Y28         FDRE (Prop_fdre_C_Q)         0.141     1.778 r  system_i/adc_voltage_half_1/inst/adc_out_reg[2]/Q
                         net (fo=1, routed)           0.056     1.834    system_i/cordic_0/U0/i_synth/i_synth/gen_cordic.input_stage/s_axis_cartesian_tdata[18]
    SLICE_X43Y28         FDRE                                         r  system_i/cordic_0/U0/i_synth/i_synth/gen_cordic.input_stage/gen_input_regs.data_y_int_reg[6]/D
  -------------------------------------------------------------------    -------------------

                         (clock adc_clk rise edge)    0.000     0.000 r  
    U18                                               0.000     0.000 r  adc_clk_p_i (IN)
                         net (fo=0)                   0.000     0.000    system_i/DataAcquisition/axis_red_pitaya_adc_0/inst/adc_clk_p
    U18                  IBUFDS (Prop_ibufds_I_O)     0.433     0.433 r  system_i/DataAcquisition/axis_red_pitaya_adc_0/inst/adc_clk_inst0/O
                         net (fo=1, routed)           0.683     1.116    system_i/DataAcquisition/axis_red_pitaya_adc_0/inst/int_clk0
    BUFGCTRL_X0Y1        BUFG (Prop_bufg_I_O)         0.030     1.146 r  system_i/DataAcquisition/axis_red_pitaya_adc_0/inst/adc_clk_inst/O
                         net (fo=1363, routed)        0.849     1.995    system_i/cordic_0/U0/i_synth/i_synth/gen_cordic.input_stage/aclk
    SLICE_X43Y28         FDRE                                         r  system_i/cordic_0/U0/i_synth/i_synth/gen_cordic.input_stage/gen_input_regs.data_y_int_reg[6]/C
                         clock pessimism             -0.358     1.637    
    SLICE_X43Y28         FDRE (Hold_fdre_C_D)         0.075     1.712    system_i/cordic_0/U0/i_synth/i_synth/gen_cordic.input_stage/gen_input_regs.data_y_int_reg[6]
  -------------------------------------------------------------------
                         required time                         -1.712    
                         arrival time                           1.834    
  -------------------------------------------------------------------
                         slack                                  0.122    

Slack (MET) :             0.126ns  (arrival time - required time)
  Source:                 system_i/dds_compiler_0/U0/i_synth/i_dds/I_SINCOS.i_std_rom.i_rom/i_rtl.i_quarter_table.i_has_cos.i_addr_mod_stage1.mod_cos_addr_reg[10]/C
                            (rising edge-triggered cell FDRE clocked by adc_clk  {rise@0.000ns fall@4.000ns period=8.000ns})
  Destination:            system_i/dds_compiler_0/U0/i_synth/i_dds/I_SINCOS.i_std_rom.i_rom/i_rtl.i_quarter_table.i_block_rom.i_pipe_1.pre_asyn_sin_RAM_op_reg_1/ADDRBWRADDR[13]
                            (rising edge-triggered cell RAMB36E1 clocked by adc_clk  {rise@0.000ns fall@4.000ns period=8.000ns})
  Path Group:             adc_clk
  Path Type:              Hold (Min at Fast Process Corner)
  Requirement:            0.000ns  (adc_clk rise@0.000ns - adc_clk rise@0.000ns)
  Data Path Delay:        0.367ns  (logic 0.141ns (38.382%)  route 0.226ns (61.618%))
  Logic Levels:           0  
  Clock Path Skew:        0.058ns (DCD - SCD - CPR)
    Destination Clock Delay (DCD):    2.019ns
    Source Clock Delay      (SCD):    1.616ns
    Clock Pessimism Removal (CPR):    0.345ns

    Location             Delay type                Incr(ns)  Path(ns)    Netlist Resource(s)
  -------------------------------------------------------------------    -------------------
                         (clock adc_clk rise edge)    0.000     0.000 r  
    U18                                               0.000     0.000 r  adc_clk_p_i (IN)
                         net (fo=0)                   0.000     0.000    system_i/DataAcquisition/axis_red_pitaya_adc_0/inst/adc_clk_p
    U18                  IBUFDS (Prop_ibufds_I_O)     0.401     0.401 r  system_i/DataAcquisition/axis_red_pitaya_adc_0/inst/adc_clk_inst0/O
                         net (fo=1, routed)           0.627     1.029    system_i/DataAcquisition/axis_red_pitaya_adc_0/inst/int_clk0
    BUFGCTRL_X0Y1        BUFG (Prop_bufg_I_O)         0.027     1.056 r  system_i/DataAcquisition/axis_red_pitaya_adc_0/inst/adc_clk_inst/O
                         net (fo=1363, routed)        0.561     1.616    system_i/dds_compiler_0/U0/i_synth/i_dds/I_SINCOS.i_std_rom.i_rom/aclk
    SLICE_X35Y55         FDRE                                         r  system_i/dds_compiler_0/U0/i_synth/i_dds/I_SINCOS.i_std_rom.i_rom/i_rtl.i_quarter_table.i_has_cos.i_addr_mod_stage1.mod_cos_addr_reg[10]/C
  -------------------------------------------------------------------    -------------------
    SLICE_X35Y55         FDRE (Prop_fdre_C_Q)         0.141     1.757 r  system_i/dds_compiler_0/U0/i_synth/i_dds/I_SINCOS.i_std_rom.i_rom/i_rtl.i_quarter_table.i_has_cos.i_addr_mod_stage1.mod_cos_addr_reg[10]/Q
                         net (fo=2, routed)           0.226     1.984    system_i/dds_compiler_0/U0/i_synth/i_dds/I_SINCOS.i_std_rom.i_rom/i_rtl.i_quarter_table.i_has_cos.i_addr_mod_stage1.mod_cos_addr_reg_n_0_[10]
    RAMB36_X2Y11         RAMB36E1                                     r  system_i/dds_compiler_0/U0/i_synth/i_dds/I_SINCOS.i_std_rom.i_rom/i_rtl.i_quarter_table.i_block_rom.i_pipe_1.pre_asyn_sin_RAM_op_reg_1/ADDRBWRADDR[13]
  -------------------------------------------------------------------    -------------------

                         (clock adc_clk rise edge)    0.000     0.000 r  
    U18                                               0.000     0.000 r  adc_clk_p_i (IN)
                         net (fo=0)                   0.000     0.000    system_i/DataAcquisition/axis_red_pitaya_adc_0/inst/adc_clk_p
    U18                  IBUFDS (Prop_ibufds_I_O)     0.433     0.433 r  system_i/DataAcquisition/axis_red_pitaya_adc_0/inst/adc_clk_inst0/O
                         net (fo=1, routed)           0.683     1.116    system_i/DataAcquisition/axis_red_pitaya_adc_0/inst/int_clk0
    BUFGCTRL_X0Y1        BUFG (Prop_bufg_I_O)         0.030     1.146 r  system_i/DataAcquisition/axis_red_pitaya_adc_0/inst/adc_clk_inst/O
                         net (fo=1363, routed)        0.873     2.019    system_i/dds_compiler_0/U0/i_synth/i_dds/I_SINCOS.i_std_rom.i_rom/aclk
    RAMB36_X2Y11         RAMB36E1                                     r  system_i/dds_compiler_0/U0/i_synth/i_dds/I_SINCOS.i_std_rom.i_rom/i_rtl.i_quarter_table.i_block_rom.i_pipe_1.pre_asyn_sin_RAM_op_reg_1/CLKBWRCLK
                         clock pessimism             -0.345     1.675    
    RAMB36_X2Y11         RAMB36E1 (Hold_ramb36e1_CLKBWRCLK_ADDRBWRADDR[13])
                                                      0.183     1.858    system_i/dds_compiler_0/U0/i_synth/i_dds/I_SINCOS.i_std_rom.i_rom/i_rtl.i_quarter_table.i_block_rom.i_pipe_1.pre_asyn_sin_RAM_op_reg_1
  -------------------------------------------------------------------
                         required time                         -1.858    
                         arrival time                           1.984    
  -------------------------------------------------------------------
                         slack                                  0.126    

Slack (MET) :             0.126ns  (arrival time - required time)
  Source:                 system_i/adc_voltage_half_0/inst/adc_out_reg[4]/C
                            (rising edge-triggered cell FDRE clocked by adc_clk  {rise@0.000ns fall@4.000ns period=8.000ns})
  Destination:            system_i/cordic_0/U0/i_synth/i_synth/gen_cordic.input_stage/gen_input_regs.data_x_int_reg[8]/D
                            (rising edge-triggered cell FDRE clocked by adc_clk  {rise@0.000ns fall@4.000ns period=8.000ns})
  Path Group:             adc_clk
  Path Type:              Hold (Min at Fast Process Corner)
  Requirement:            0.000ns  (adc_clk rise@0.000ns - adc_clk rise@0.000ns)
  Data Path Delay:        0.197ns  (logic 0.141ns (71.611%)  route 0.056ns (28.389%))
  Logic Levels:           0  
  Clock Path Skew:        0.000ns (DCD - SCD - CPR)
    Destination Clock Delay (DCD):    1.996ns
    Source Clock Delay      (SCD):    1.638ns
    Clock Pessimism Removal (CPR):    0.358ns

    Location             Delay type                Incr(ns)  Path(ns)    Netlist Resource(s)
  -------------------------------------------------------------------    -------------------
                         (clock adc_clk rise edge)    0.000     0.000 r  
    U18                                               0.000     0.000 r  adc_clk_p_i (IN)
                         net (fo=0)                   0.000     0.000    system_i/DataAcquisition/axis_red_pitaya_adc_0/inst/adc_clk_p
    U18                  IBUFDS (Prop_ibufds_I_O)     0.401     0.401 r  system_i/DataAcquisition/axis_red_pitaya_adc_0/inst/adc_clk_inst0/O
                         net (fo=1, routed)           0.627     1.029    system_i/DataAcquisition/axis_red_pitaya_adc_0/inst/int_clk0
    BUFGCTRL_X0Y1        BUFG (Prop_bufg_I_O)         0.027     1.056 r  system_i/DataAcquisition/axis_red_pitaya_adc_0/inst/adc_clk_inst/O
                         net (fo=1363, routed)        0.583     1.638    system_i/adc_voltage_half_0/inst/clk
    SLICE_X43Y20         FDRE                                         r  system_i/adc_voltage_half_0/inst/adc_out_reg[4]/C
  -------------------------------------------------------------------    -------------------
    SLICE_X43Y20         FDRE (Prop_fdre_C_Q)         0.141     1.779 r  system_i/adc_voltage_half_0/inst/adc_out_reg[4]/Q
                         net (fo=1, routed)           0.056     1.835    system_i/cordic_0/U0/i_synth/i_synth/gen_cordic.input_stage/s_axis_cartesian_tdata[4]
    SLICE_X43Y20         FDRE                                         r  system_i/cordic_0/U0/i_synth/i_synth/gen_cordic.input_stage/gen_input_regs.data_x_int_reg[8]/D
  -------------------------------------------------------------------    -------------------

                         (clock adc_clk rise edge)    0.000     0.000 r  
    U18                                               0.000     0.000 r  adc_clk_p_i (IN)
                         net (fo=0)                   0.000     0.000    system_i/DataAcquisition/axis_red_pitaya_adc_0/inst/adc_clk_p
    U18                  IBUFDS (Prop_ibufds_I_O)     0.433     0.433 r  system_i/DataAcquisition/axis_red_pitaya_adc_0/inst/adc_clk_inst0/O
                         net (fo=1, routed)           0.683     1.116    system_i/DataAcquisition/axis_red_pitaya_adc_0/inst/int_clk0
    BUFGCTRL_X0Y1        BUFG (Prop_bufg_I_O)         0.030     1.146 r  system_i/DataAcquisition/axis_red_pitaya_adc_0/inst/adc_clk_inst/O
                         net (fo=1363, routed)        0.850     1.996    system_i/cordic_0/U0/i_synth/i_synth/gen_cordic.input_stage/aclk
    SLICE_X43Y20         FDRE                                         r  system_i/cordic_0/U0/i_synth/i_synth/gen_cordic.input_stage/gen_input_regs.data_x_int_reg[8]/C
                         clock pessimism             -0.358     1.638    
    SLICE_X43Y20         FDRE (Hold_fdre_C_D)         0.071     1.709    system_i/cordic_0/U0/i_synth/i_synth/gen_cordic.input_stage/gen_input_regs.data_x_int_reg[8]
  -------------------------------------------------------------------
                         required time                         -1.709    
                         arrival time                           1.835    
  -------------------------------------------------------------------
                         slack                                  0.126    

Slack (MET) :             0.126ns  (arrival time - required time)
  Source:                 system_i/dds_compiler_0/U0/i_synth/i_dds/I_SINCOS.i_std_rom.i_rom/i_rtl.i_quarter_table.i_rom_reg_a/opt_has_pipe.first_q_reg[5]/C
                            (rising edge-triggered cell FDRE clocked by adc_clk  {rise@0.000ns fall@4.000ns period=8.000ns})
  Destination:            system_i/dds_compiler_0/U0/i_synth/i_dds/I_SINCOS.i_std_rom.i_rom/i_rtl.i_quarter_table.i_piped_map.i_original_sin_ls/opt_has_pipe.first_q_reg[7]/D
                            (rising edge-triggered cell FDRE clocked by adc_clk  {rise@0.000ns fall@4.000ns period=8.000ns})
  Path Group:             adc_clk
  Path Type:              Hold (Min at Fast Process Corner)
  Requirement:            0.000ns  (adc_clk rise@0.000ns - adc_clk rise@0.000ns)
  Data Path Delay:        0.260ns  (logic 0.186ns (71.453%)  route 0.074ns (28.547%))
  Logic Levels:           1  (LUT4=1)
  Clock Path Skew:        0.013ns (DCD - SCD - CPR)
    Destination Clock Delay (DCD):    1.999ns
    Source Clock Delay      (SCD):    1.639ns
    Clock Pessimism Removal (CPR):    0.347ns

    Location             Delay type                Incr(ns)  Path(ns)    Netlist Resource(s)
  -------------------------------------------------------------------    -------------------
                         (clock adc_clk rise edge)    0.000     0.000 r  
    U18                                               0.000     0.000 r  adc_clk_p_i (IN)
                         net (fo=0)                   0.000     0.000    system_i/DataAcquisition/axis_red_pitaya_adc_0/inst/adc_clk_p
    U18                  IBUFDS (Prop_ibufds_I_O)     0.401     0.401 r  system_i/DataAcquisition/axis_red_pitaya_adc_0/inst/adc_clk_inst0/O
                         net (fo=1, routed)           0.627     1.029    system_i/DataAcquisition/axis_red_pitaya_adc_0/inst/int_clk0
    BUFGCTRL_X0Y1        BUFG (Prop_bufg_I_O)         0.027     1.056 r  system_i/DataAcquisition/axis_red_pitaya_adc_0/inst/adc_clk_inst/O
                         net (fo=1363, routed)        0.584     1.639    system_i/dds_compiler_0/U0/i_synth/i_dds/I_SINCOS.i_std_rom.i_rom/i_rtl.i_quarter_table.i_rom_reg_a/aclk
    SLICE_X39Y63         FDRE                                         r  system_i/dds_compiler_0/U0/i_synth/i_dds/I_SINCOS.i_std_rom.i_rom/i_rtl.i_quarter_table.i_rom_reg_a/opt_has_pipe.first_q_reg[5]/C
  -------------------------------------------------------------------    -------------------
    SLICE_X39Y63         FDRE (Prop_fdre_C_Q)         0.141     1.780 r  system_i/dds_compiler_0/U0/i_synth/i_dds/I_SINCOS.i_std_rom.i_rom/i_rtl.i_quarter_table.i_rom_reg_a/opt_has_pipe.first_q_reg[5]/Q
                         net (fo=3, routed)           0.074     1.855    system_i/dds_compiler_0/U0/i_synth/i_dds/I_SINCOS.i_std_rom.i_rom/i_rtl.i_quarter_table.i_rom_reg_a/first_q[5]
    SLICE_X38Y63         LUT4 (Prop_lut4_I3_O)        0.045     1.900 r  system_i/dds_compiler_0/U0/i_synth/i_dds/I_SINCOS.i_std_rom.i_rom/i_rtl.i_quarter_table.i_rom_reg_a/opt_has_pipe.first_q[7]_i_1__0/O
                         net (fo=1, routed)           0.000     1.900    system_i/dds_compiler_0/U0/i_synth/i_dds/I_SINCOS.i_std_rom.i_rom/i_rtl.i_quarter_table.i_piped_map.i_original_sin_ls/D[7]
    SLICE_X38Y63         FDRE                                         r  system_i/dds_compiler_0/U0/i_synth/i_dds/I_SINCOS.i_std_rom.i_rom/i_rtl.i_quarter_table.i_piped_map.i_original_sin_ls/opt_has_pipe.first_q_reg[7]/D
  -------------------------------------------------------------------    -------------------

                         (clock adc_clk rise edge)    0.000     0.000 r  
    U18                                               0.000     0.000 r  adc_clk_p_i (IN)
                         net (fo=0)                   0.000     0.000    system_i/DataAcquisition/axis_red_pitaya_adc_0/inst/adc_clk_p
    U18                  IBUFDS (Prop_ibufds_I_O)     0.433     0.433 r  system_i/DataAcquisition/axis_red_pitaya_adc_0/inst/adc_clk_inst0/O
                         net (fo=1, routed)           0.683     1.116    system_i/DataAcquisition/axis_red_pitaya_adc_0/inst/int_clk0
    BUFGCTRL_X0Y1        BUFG (Prop_bufg_I_O)         0.030     1.146 r  system_i/DataAcquisition/axis_red_pitaya_adc_0/inst/adc_clk_inst/O
                         net (fo=1363, routed)        0.853     1.999    system_i/dds_compiler_0/U0/i_synth/i_dds/I_SINCOS.i_std_rom.i_rom/i_rtl.i_quarter_table.i_piped_map.i_original_sin_ls/aclk
    SLICE_X38Y63         FDRE                                         r  system_i/dds_compiler_0/U0/i_synth/i_dds/I_SINCOS.i_std_rom.i_rom/i_rtl.i_quarter_table.i_piped_map.i_original_sin_ls/opt_has_pipe.first_q_reg[7]/C
                         clock pessimism             -0.347     1.652    
    SLICE_X38Y63         FDRE (Hold_fdre_C_D)         0.121     1.773    system_i/dds_compiler_0/U0/i_synth/i_dds/I_SINCOS.i_std_rom.i_rom/i_rtl.i_quarter_table.i_piped_map.i_original_sin_ls/opt_has_pipe.first_q_reg[7]
  -------------------------------------------------------------------
                         required time                         -1.773    
                         arrival time                           1.900    
  -------------------------------------------------------------------
                         slack                                  0.126    

Slack (MET) :             0.128ns  (arrival time - required time)
  Source:                 system_i/dds_compiler_0/U0/i_synth/i_dds/I_SINCOS.i_std_rom.i_rom/i_rtl.i_quarter_table.i_rom_reg_a/opt_has_pipe.first_q_reg[5]/C
                            (rising edge-triggered cell FDRE clocked by adc_clk  {rise@0.000ns fall@4.000ns period=8.000ns})
  Destination:            system_i/dds_compiler_0/U0/i_synth/i_dds/I_SINCOS.i_std_rom.i_rom/i_rtl.i_quarter_table.i_piped_map.i_original_sin_ls/opt_has_pipe.first_q_reg[6]/D
                            (rising edge-triggered cell FDRE clocked by adc_clk  {rise@0.000ns fall@4.000ns period=8.000ns})
  Path Group:             adc_clk
  Path Type:              Hold (Min at Fast Process Corner)
  Requirement:            0.000ns  (adc_clk rise@0.000ns - adc_clk rise@0.000ns)
  Data Path Delay:        0.262ns  (logic 0.186ns (70.908%)  route 0.076ns (29.092%))
  Logic Levels:           1  (LUT4=1)
  Clock Path Skew:        0.013ns (DCD - SCD - CPR)
    Destination Clock Delay (DCD):    1.999ns
    Source Clock Delay      (SCD):    1.639ns
    Clock Pessimism Removal (CPR):    0.347ns

    Location             Delay type                Incr(ns)  Path(ns)    Netlist Resource(s)
  -------------------------------------------------------------------    -------------------
                         (clock adc_clk rise edge)    0.000     0.000 r  
    U18                                               0.000     0.000 r  adc_clk_p_i (IN)
                         net (fo=0)                   0.000     0.000    system_i/DataAcquisition/axis_red_pitaya_adc_0/inst/adc_clk_p
    U18                  IBUFDS (Prop_ibufds_I_O)     0.401     0.401 r  system_i/DataAcquisition/axis_red_pitaya_adc_0/inst/adc_clk_inst0/O
                         net (fo=1, routed)           0.627     1.029    system_i/DataAcquisition/axis_red_pitaya_adc_0/inst/int_clk0
    BUFGCTRL_X0Y1        BUFG (Prop_bufg_I_O)         0.027     1.056 r  system_i/DataAcquisition/axis_red_pitaya_adc_0/inst/adc_clk_inst/O
                         net (fo=1363, routed)        0.584     1.639    system_i/dds_compiler_0/U0/i_synth/i_dds/I_SINCOS.i_std_rom.i_rom/i_rtl.i_quarter_table.i_rom_reg_a/aclk
    SLICE_X39Y63         FDRE                                         r  system_i/dds_compiler_0/U0/i_synth/i_dds/I_SINCOS.i_std_rom.i_rom/i_rtl.i_quarter_table.i_rom_reg_a/opt_has_pipe.first_q_reg[5]/C
  -------------------------------------------------------------------    -------------------
    SLICE_X39Y63         FDRE (Prop_fdre_C_Q)         0.141     1.780 r  system_i/dds_compiler_0/U0/i_synth/i_dds/I_SINCOS.i_std_rom.i_rom/i_rtl.i_quarter_table.i_rom_reg_a/opt_has_pipe.first_q_reg[5]/Q
                         net (fo=3, routed)           0.076     1.857    system_i/dds_compiler_0/U0/i_synth/i_dds/I_SINCOS.i_std_rom.i_rom/i_rtl.i_quarter_table.i_rom_reg_a/first_q[5]
    SLICE_X38Y63         LUT4 (Prop_lut4_I1_O)        0.045     1.902 r  system_i/dds_compiler_0/U0/i_synth/i_dds/I_SINCOS.i_std_rom.i_rom/i_rtl.i_quarter_table.i_rom_reg_a/opt_has_pipe.first_q[6]_i_1__1/O
                         net (fo=1, routed)           0.000     1.902    system_i/dds_compiler_0/U0/i_synth/i_dds/I_SINCOS.i_std_rom.i_rom/i_rtl.i_quarter_table.i_piped_map.i_original_sin_ls/D[6]
    SLICE_X38Y63         FDRE                                         r  system_i/dds_compiler_0/U0/i_synth/i_dds/I_SINCOS.i_std_rom.i_rom/i_rtl.i_quarter_table.i_piped_map.i_original_sin_ls/opt_has_pipe.first_q_reg[6]/D
  -------------------------------------------------------------------    -------------------

                         (clock adc_clk rise edge)    0.000     0.000 r  
    U18                                               0.000     0.000 r  adc_clk_p_i (IN)
                         net (fo=0)                   0.000     0.000    system_i/DataAcquisition/axis_red_pitaya_adc_0/inst/adc_clk_p
    U18                  IBUFDS (Prop_ibufds_I_O)     0.433     0.433 r  system_i/DataAcquisition/axis_red_pitaya_adc_0/inst/adc_clk_inst0/O
                         net (fo=1, routed)           0.683     1.116    system_i/DataAcquisition/axis_red_pitaya_adc_0/inst/int_clk0
    BUFGCTRL_X0Y1        BUFG (Prop_bufg_I_O)         0.030     1.146 r  system_i/DataAcquisition/axis_red_pitaya_adc_0/inst/adc_clk_inst/O
                         net (fo=1363, routed)        0.853     1.999    system_i/dds_compiler_0/U0/i_synth/i_dds/I_SINCOS.i_std_rom.i_rom/i_rtl.i_quarter_table.i_piped_map.i_original_sin_ls/aclk
    SLICE_X38Y63         FDRE                                         r  system_i/dds_compiler_0/U0/i_synth/i_dds/I_SINCOS.i_std_rom.i_rom/i_rtl.i_quarter_table.i_piped_map.i_original_sin_ls/opt_has_pipe.first_q_reg[6]/C
                         clock pessimism             -0.347     1.652    
    SLICE_X38Y63         FDRE (Hold_fdre_C_D)         0.121     1.773    system_i/dds_compiler_0/U0/i_synth/i_dds/I_SINCOS.i_std_rom.i_rom/i_rtl.i_quarter_table.i_piped_map.i_original_sin_ls/opt_has_pipe.first_q_reg[6]
  -------------------------------------------------------------------
                         required time                         -1.773    
                         arrival time                           1.902    
  -------------------------------------------------------------------
                         slack                                  0.128    





Pulse Width Checks
--------------------------------------------------------------------------------------
Clock Name:         adc_clk
Waveform(ns):       { 0.000 4.000 }
Period(ns):         8.000
Sources:            { adc_clk_p_i }

Check Type        Corner  Lib Pin             Reference Pin  Required(ns)  Actual(ns)  Slack(ns)  Location       Pin
Min Period        n/a     RAMB36E1/CLKARDCLK  n/a            2.576         8.000       5.424      RAMB36_X2Y12   system_i/dds_compiler_0/U0/i_synth/i_dds/I_SINCOS.i_std_rom.i_rom/i_rtl.i_quarter_table.i_block_rom.i_pipe_1.pre_asyn_sin_RAM_op_reg_0/CLKARDCLK
Min Period        n/a     RAMB36E1/CLKBWRCLK  n/a            2.576         8.000       5.424      RAMB36_X2Y12   system_i/dds_compiler_0/U0/i_synth/i_dds/I_SINCOS.i_std_rom.i_rom/i_rtl.i_quarter_table.i_block_rom.i_pipe_1.pre_asyn_sin_RAM_op_reg_0/CLKBWRCLK
Min Period        n/a     RAMB36E1/CLKARDCLK  n/a            2.576         8.000       5.424      RAMB36_X2Y11   system_i/dds_compiler_0/U0/i_synth/i_dds/I_SINCOS.i_std_rom.i_rom/i_rtl.i_quarter_table.i_block_rom.i_pipe_1.pre_asyn_sin_RAM_op_reg_1/CLKARDCLK
Min Period        n/a     RAMB36E1/CLKBWRCLK  n/a            2.576         8.000       5.424      RAMB36_X2Y11   system_i/dds_compiler_0/U0/i_synth/i_dds/I_SINCOS.i_std_rom.i_rom/i_rtl.i_quarter_table.i_block_rom.i_pipe_1.pre_asyn_sin_RAM_op_reg_1/CLKBWRCLK
Min Period        n/a     BUFG/I              n/a            2.155         8.000       5.845      BUFGCTRL_X0Y1  system_i/DataAcquisition/axis_red_pitaya_adc_0/inst/adc_clk_inst/I
Min Period        n/a     DSP48E1/CLK         n/a            2.154         8.000       5.846      DSP48_X0Y15    system_i/dds_phase_corrector_0/inst/mult_result_reg/CLK
Min Period        n/a     FDRE/C              n/a            1.474         8.000       6.526      ILOGIC_X0Y39   system_i/DataAcquisition/axis_red_pitaya_adc_0/inst/int_dat_a_reg_reg[10]/C
Min Period        n/a     FDRE/C              n/a            1.474         8.000       6.526      ILOGIC_X0Y30   system_i/DataAcquisition/axis_red_pitaya_adc_0/inst/int_dat_a_reg_reg[11]/C
Min Period        n/a     FDRE/C              n/a            1.474         8.000       6.526      ILOGIC_X0Y32   system_i/DataAcquisition/axis_red_pitaya_adc_0/inst/int_dat_a_reg_reg[12]/C
Min Period        n/a     FDRE/C              n/a            1.474         8.000       6.526      ILOGIC_X0Y14   system_i/DataAcquisition/axis_red_pitaya_adc_0/inst/int_dat_a_reg_reg[13]/C
Low Pulse Width   Fast    SRLC32E/CLK         n/a            0.980         4.000       3.020      SLICE_X24Y41   system_i/cordic_0/U0/i_synth/i_nd_to_rdy/opt_has_pipe.i_pipe[19].pipe_reg[19][0]_srl18/CLK
Low Pulse Width   Slow    SRL16E/CLK          n/a            0.980         4.000       3.020      SLICE_X42Y38   system_i/cordic_0/U0/i_synth/i_synth/gen_cordic.cordic_engine/gen_para_arch.gen_iteration[12].eng/cntrl/cntrl_vect_dly/gen_rtl.gen_reg.d_reg_reg[1]_srl14/CLK
Low Pulse Width   Fast    SRL16E/CLK          n/a            0.980         4.000       3.020      SLICE_X42Y38   system_i/cordic_0/U0/i_synth/i_synth/gen_cordic.cordic_engine/gen_para_arch.gen_iteration[12].eng/cntrl/cntrl_vect_dly/gen_rtl.gen_reg.d_reg_reg[1]_srl14/CLK
Low Pulse Width   Slow    SRL16E/CLK          n/a            0.980         4.000       3.020      SLICE_X42Y38   system_i/cordic_0/U0/i_synth/i_synth/gen_cordic.cordic_engine/gen_para_arch.gen_iteration[12].eng/cntrl/cntrl_vect_dly/gen_rtl.gen_reg.d_reg_reg[2]_srl14/CLK
Low Pulse Width   Fast    SRL16E/CLK          n/a            0.980         4.000       3.020      SLICE_X42Y38   system_i/cordic_0/U0/i_synth/i_synth/gen_cordic.cordic_engine/gen_para_arch.gen_iteration[12].eng/cntrl/cntrl_vect_dly/gen_rtl.gen_reg.d_reg_reg[2]_srl14/CLK
Low Pulse Width   Slow    SRL16E/CLK          n/a            0.980         4.000       3.020      SLICE_X34Y60   system_i/dds_compiler_0/U0/i_synth/i_dds/I_SINCOS.i_std_rom.i_rom/i_rtl.i_quarter_table.i_addr_reg_c/opt_has_pipe.i_pipe[3].pipe_reg[3][0]_srl2/CLK
Low Pulse Width   Slow    SRL16E/CLK          n/a            0.980         4.000       3.020      SLICE_X34Y60   system_i/dds_compiler_0/U0/i_synth/i_dds/I_SINCOS.i_std_rom.i_rom/i_rtl.i_quarter_table.i_addr_reg_c/opt_has_pipe.i_pipe[3].pipe_reg[3][1]_srl2/CLK
Low Pulse Width   Fast    SRL16E/CLK          n/a            0.980         4.000       3.020      SLICE_X16Y43   system_i/dds_phase_corrector_0/inst/phase_offset_reg[16]_srl2/CLK
Low Pulse Width   Fast    SRL16E/CLK          n/a            0.980         4.000       3.020      SLICE_X16Y43   system_i/dds_phase_corrector_0/inst/phase_offset_reg[17]_srl2/CLK
Low Pulse Width   Slow    SRLC32E/CLK         n/a            0.980         4.000       3.020      SLICE_X24Y41   system_i/cordic_0/U0/i_synth/i_nd_to_rdy/opt_has_pipe.i_pipe[19].pipe_reg[19][0]_srl18/CLK
High Pulse Width  Slow    SRL16E/CLK          n/a            0.980         4.000       3.020      SLICE_X16Y43   system_i/dds_phase_corrector_0/inst/phase_offset_reg[16]_srl2/CLK
High Pulse Width  Slow    SRL16E/CLK          n/a            0.980         4.000       3.020      SLICE_X16Y43   system_i/dds_phase_corrector_0/inst/phase_offset_reg[17]_srl2/CLK
High Pulse Width  Fast    SRL16E/CLK          n/a            0.980         4.000       3.020      SLICE_X16Y43   system_i/dds_phase_corrector_0/inst/phase_offset_reg[16]_srl2/CLK
High Pulse Width  Fast    SRL16E/CLK          n/a            0.980         4.000       3.020      SLICE_X16Y43   system_i/dds_phase_corrector_0/inst/phase_offset_reg[17]_srl2/CLK
High Pulse Width  Slow    SRLC32E/CLK         n/a            0.980         4.000       3.020      SLICE_X24Y41   system_i/cordic_0/U0/i_synth/i_nd_to_rdy/opt_has_pipe.i_pipe[19].pipe_reg[19][0]_srl18/CLK
High Pulse Width  Slow    SRL16E/CLK          n/a            0.980         4.000       3.020      SLICE_X24Y39   system_i/cordic_0/U0/i_synth/i_synth/gen_cordic.input_stage/gen_rotation.gen_rot_control.gen_nd_cr/gen_rtl.gen_dly.gen_shiftreg.delay_bus_reg[1]_srl2/CLK
High Pulse Width  Slow    SRL16E/CLK          n/a            0.980         4.000       3.020      SLICE_X24Y39   system_i/cordic_0/U0/i_synth/i_synth/gen_cordic.cordic_engine/gen_para_arch.gen_iteration[12].eng/cntrl/cntrl_vect_dly/gen_rtl.gen_reg.d_reg_reg[0]_srl13_lopt_merged/CLK
High Pulse Width  Fast    SRL16E/CLK          n/a            0.980         4.000       3.020      SLICE_X34Y60   system_i/dds_compiler_0/U0/i_synth/i_dds/I_SINCOS.i_std_rom.i_rom/i_rtl.i_quarter_table.i_addr_reg_c/opt_has_pipe.i_pipe[3].pipe_reg[3][0]_srl2/CLK
High Pulse Width  Fast    SRL16E/CLK          n/a            0.980         4.000       3.020      SLICE_X34Y60   system_i/dds_compiler_0/U0/i_synth/i_dds/I_SINCOS.i_std_rom.i_rom/i_rtl.i_quarter_table.i_addr_reg_c/opt_has_pipe.i_pipe[3].pipe_reg[3][1]_srl2/CLK
High Pulse Width  Fast    SRLC32E/CLK         n/a            0.980         4.000       3.020      SLICE_X24Y41   system_i/cordic_0/U0/i_synth/i_nd_to_rdy/opt_has_pipe.i_pipe[19].pipe_reg[19][0]_srl18/CLK



---------------------------------------------------------------------------------------------------
From Clock:  clk_fpga_0
  To Clock:  clk_fpga_0

Setup :            0  Failing Endpoints,  Worst Slack        2.414ns,  Total Violation        0.000ns
Hold  :            0  Failing Endpoints,  Worst Slack        0.045ns,  Total Violation        0.000ns
PW    :            0  Failing Endpoints,  Worst Slack        3.020ns,  Total Violation        0.000ns
---------------------------------------------------------------------------------------------------


Max Delay Paths
--------------------------------------------------------------------------------------
Slack (MET) :             2.414ns  (required time - arrival time)
  Source:                 system_i/PS7/rst_ps7_0_125M/U0/ACTIVE_LOW_PR_OUT_DFF[0].FDRE_PER_N/C
                            (rising edge-triggered cell FDRE clocked by clk_fpga_0  {rise@0.000ns fall@4.000ns period=8.000ns})
  Destination:            system_i/monitor_freq_gpio/U0/AXI_LITE_IPIF_I/I_SLAVE_ATTACHMENT/I_DECODER/GEN_BKEND_CE_REGISTERS[0].ce_out_i_reg[0]/R
                            (rising edge-triggered cell FDRE clocked by clk_fpga_0  {rise@0.000ns fall@4.000ns period=8.000ns})
  Path Group:             clk_fpga_0
  Path Type:              Setup (Max at Slow Process Corner)
  Requirement:            8.000ns  (clk_fpga_0 rise@8.000ns - clk_fpga_0 rise@0.000ns)
  Data Path Delay:        4.784ns  (logic 0.956ns (19.983%)  route 3.828ns (80.017%))
  Logic Levels:           2  (LUT1=1 LUT3=1)
  Clock Path Skew:        -0.046ns (DCD - SCD + CPR)
    Destination Clock Delay (DCD):    2.691ns = ( 10.691 - 8.000 ) 
    Source Clock Delay      (SCD):    2.968ns
    Clock Pessimism Removal (CPR):    0.230ns
  Clock Uncertainty:      0.125ns  ((TSJ^2 + TIJ^2)^1/2 + DJ) / 2 + PE
    Total System Jitter     (TSJ):    0.071ns
    Total Input Jitter      (TIJ):    0.240ns
    Discrete Jitter          (DJ):    0.000ns
    Phase Error              (PE):    0.000ns

    Location             Delay type                Incr(ns)  Path(ns)    Netlist Resource(s)
  -------------------------------------------------------------------    -------------------
                         (clock clk_fpga_0 rise edge)
                                                      0.000     0.000 r  
    PS7_X0Y0             PS7                          0.000     0.000 r  system_i/PS7/processing_system7_0/inst/PS7_i/FCLKCLK[0]
                         net (fo=1, routed)           1.207     1.207    system_i/PS7/processing_system7_0/inst/FCLK_CLK_unbuffered[0]
    BUFGCTRL_X0Y0        BUFG (Prop_bufg_I_O)         0.101     1.308 r  system_i/PS7/processing_system7_0/inst/buffer_fclk_clk_0.FCLK_CLK_0_BUFG/O
                         net (fo=1531, routed)        1.660     2.968    system_i/PS7/rst_ps7_0_125M/U0/slowest_sync_clk
    SLICE_X20Y29         FDRE                                         r  system_i/PS7/rst_ps7_0_125M/U0/ACTIVE_LOW_PR_OUT_DFF[0].FDRE_PER_N/C
  -------------------------------------------------------------------    -------------------
    SLICE_X20Y29         FDRE (Prop_fdre_C_Q)         0.518     3.486 f  system_i/PS7/rst_ps7_0_125M/U0/ACTIVE_LOW_PR_OUT_DFF[0].FDRE_PER_N/Q
                         net (fo=10, routed)          1.599     5.085    system_i/PS7/rst_ps7_0_125M/U0/peripheral_aresetn[0]
    SLICE_X0Y11          LUT1 (Prop_lut1_I0_O)        0.116     5.201 f  system_i/PS7/rst_ps7_0_125M/U0/peripheral_aresetn[0]_hold_fix/O
                         net (fo=4, routed)           1.881     7.083    system_i/monitor_freq_gpio/U0/AXI_LITE_IPIF_I/I_SLAVE_ATTACHMENT/I_DECODER/peripheral_aresetn[0]_hold_fix_1_alias
    SLICE_X14Y38         LUT3 (Prop_lut3_I2_O)        0.322     7.405 r  system_i/monitor_freq_gpio/U0/AXI_LITE_IPIF_I/I_SLAVE_ATTACHMENT/I_DECODER/GEN_BKEND_CE_REGISTERS[3].ce_out_i[3]_i_1/O
                         net (fo=4, routed)           0.348     7.752    system_i/monitor_freq_gpio/U0/AXI_LITE_IPIF_I/I_SLAVE_ATTACHMENT/I_DECODER/cs_ce_clr
    SLICE_X14Y39         FDRE                                         r  system_i/monitor_freq_gpio/U0/AXI_LITE_IPIF_I/I_SLAVE_ATTACHMENT/I_DECODER/GEN_BKEND_CE_REGISTERS[0].ce_out_i_reg[0]/R
  -------------------------------------------------------------------    -------------------

                         (clock clk_fpga_0 rise edge)
                                                      8.000     8.000 r  
    PS7_X0Y0             PS7                          0.000     8.000 r  system_i/PS7/processing_system7_0/inst/PS7_i/FCLKCLK[0]
                         net (fo=1, routed)           1.101     9.101    system_i/PS7/processing_system7_0/inst/FCLK_CLK_unbuffered[0]
    BUFGCTRL_X0Y0        BUFG (Prop_bufg_I_O)         0.091     9.192 r  system_i/PS7/processing_system7_0/inst/buffer_fclk_clk_0.FCLK_CLK_0_BUFG/O
                         net (fo=1531, routed)        1.499    10.691    system_i/monitor_freq_gpio/U0/AXI_LITE_IPIF_I/I_SLAVE_ATTACHMENT/I_DECODER/s_axi_aclk
    SLICE_X14Y39         FDRE                                         r  system_i/monitor_freq_gpio/U0/AXI_LITE_IPIF_I/I_SLAVE_ATTACHMENT/I_DECODER/GEN_BKEND_CE_REGISTERS[0].ce_out_i_reg[0]/C
                         clock pessimism              0.230    10.922    
                         clock uncertainty           -0.125    10.797    
    SLICE_X14Y39         FDRE (Setup_fdre_C_R)       -0.631    10.166    system_i/monitor_freq_gpio/U0/AXI_LITE_IPIF_I/I_SLAVE_ATTACHMENT/I_DECODER/GEN_BKEND_CE_REGISTERS[0].ce_out_i_reg[0]
  -------------------------------------------------------------------
                         required time                         10.166    
                         arrival time                          -7.752    
  -------------------------------------------------------------------
                         slack                                  2.414    

Slack (MET) :             2.414ns  (required time - arrival time)
  Source:                 system_i/PS7/rst_ps7_0_125M/U0/ACTIVE_LOW_PR_OUT_DFF[0].FDRE_PER_N/C
                            (rising edge-triggered cell FDRE clocked by clk_fpga_0  {rise@0.000ns fall@4.000ns period=8.000ns})
  Destination:            system_i/monitor_freq_gpio/U0/AXI_LITE_IPIF_I/I_SLAVE_ATTACHMENT/I_DECODER/GEN_BKEND_CE_REGISTERS[1].ce_out_i_reg[1]/R
                            (rising edge-triggered cell FDRE clocked by clk_fpga_0  {rise@0.000ns fall@4.000ns period=8.000ns})
  Path Group:             clk_fpga_0
  Path Type:              Setup (Max at Slow Process Corner)
  Requirement:            8.000ns  (clk_fpga_0 rise@8.000ns - clk_fpga_0 rise@0.000ns)
  Data Path Delay:        4.784ns  (logic 0.956ns (19.983%)  route 3.828ns (80.017%))
  Logic Levels:           2  (LUT1=1 LUT3=1)
  Clock Path Skew:        -0.046ns (DCD - SCD + CPR)
    Destination Clock Delay (DCD):    2.691ns = ( 10.691 - 8.000 ) 
    Source Clock Delay      (SCD):    2.968ns
    Clock Pessimism Removal (CPR):    0.230ns
  Clock Uncertainty:      0.125ns  ((TSJ^2 + TIJ^2)^1/2 + DJ) / 2 + PE
    Total System Jitter     (TSJ):    0.071ns
    Total Input Jitter      (TIJ):    0.240ns
    Discrete Jitter          (DJ):    0.000ns
    Phase Error              (PE):    0.000ns

    Location             Delay type                Incr(ns)  Path(ns)    Netlist Resource(s)
  -------------------------------------------------------------------    -------------------
                         (clock clk_fpga_0 rise edge)
                                                      0.000     0.000 r  
    PS7_X0Y0             PS7                          0.000     0.000 r  system_i/PS7/processing_system7_0/inst/PS7_i/FCLKCLK[0]
                         net (fo=1, routed)           1.207     1.207    system_i/PS7/processing_system7_0/inst/FCLK_CLK_unbuffered[0]
    BUFGCTRL_X0Y0        BUFG (Prop_bufg_I_O)         0.101     1.308 r  system_i/PS7/processing_system7_0/inst/buffer_fclk_clk_0.FCLK_CLK_0_BUFG/O
                         net (fo=1531, routed)        1.660     2.968    system_i/PS7/rst_ps7_0_125M/U0/slowest_sync_clk
    SLICE_X20Y29         FDRE                                         r  system_i/PS7/rst_ps7_0_125M/U0/ACTIVE_LOW_PR_OUT_DFF[0].FDRE_PER_N/C
  -------------------------------------------------------------------    -------------------
    SLICE_X20Y29         FDRE (Prop_fdre_C_Q)         0.518     3.486 f  system_i/PS7/rst_ps7_0_125M/U0/ACTIVE_LOW_PR_OUT_DFF[0].FDRE_PER_N/Q
                         net (fo=10, routed)          1.599     5.085    system_i/PS7/rst_ps7_0_125M/U0/peripheral_aresetn[0]
    SLICE_X0Y11          LUT1 (Prop_lut1_I0_O)        0.116     5.201 f  system_i/PS7/rst_ps7_0_125M/U0/peripheral_aresetn[0]_hold_fix/O
                         net (fo=4, routed)           1.881     7.083    system_i/monitor_freq_gpio/U0/AXI_LITE_IPIF_I/I_SLAVE_ATTACHMENT/I_DECODER/peripheral_aresetn[0]_hold_fix_1_alias
    SLICE_X14Y38         LUT3 (Prop_lut3_I2_O)        0.322     7.405 r  system_i/monitor_freq_gpio/U0/AXI_LITE_IPIF_I/I_SLAVE_ATTACHMENT/I_DECODER/GEN_BKEND_CE_REGISTERS[3].ce_out_i[3]_i_1/O
                         net (fo=4, routed)           0.348     7.752    system_i/monitor_freq_gpio/U0/AXI_LITE_IPIF_I/I_SLAVE_ATTACHMENT/I_DECODER/cs_ce_clr
    SLICE_X14Y39         FDRE                                         r  system_i/monitor_freq_gpio/U0/AXI_LITE_IPIF_I/I_SLAVE_ATTACHMENT/I_DECODER/GEN_BKEND_CE_REGISTERS[1].ce_out_i_reg[1]/R
  -------------------------------------------------------------------    -------------------

                         (clock clk_fpga_0 rise edge)
                                                      8.000     8.000 r  
    PS7_X0Y0             PS7                          0.000     8.000 r  system_i/PS7/processing_system7_0/inst/PS7_i/FCLKCLK[0]
                         net (fo=1, routed)           1.101     9.101    system_i/PS7/processing_system7_0/inst/FCLK_CLK_unbuffered[0]
    BUFGCTRL_X0Y0        BUFG (Prop_bufg_I_O)         0.091     9.192 r  system_i/PS7/processing_system7_0/inst/buffer_fclk_clk_0.FCLK_CLK_0_BUFG/O
                         net (fo=1531, routed)        1.499    10.691    system_i/monitor_freq_gpio/U0/AXI_LITE_IPIF_I/I_SLAVE_ATTACHMENT/I_DECODER/s_axi_aclk
    SLICE_X14Y39         FDRE                                         r  system_i/monitor_freq_gpio/U0/AXI_LITE_IPIF_I/I_SLAVE_ATTACHMENT/I_DECODER/GEN_BKEND_CE_REGISTERS[1].ce_out_i_reg[1]/C
                         clock pessimism              0.230    10.922    
                         clock uncertainty           -0.125    10.797    
    SLICE_X14Y39         FDRE (Setup_fdre_C_R)       -0.631    10.166    system_i/monitor_freq_gpio/U0/AXI_LITE_IPIF_I/I_SLAVE_ATTACHMENT/I_DECODER/GEN_BKEND_CE_REGISTERS[1].ce_out_i_reg[1]
  -------------------------------------------------------------------
                         required time                         10.166    
                         arrival time                          -7.752    
  -------------------------------------------------------------------
                         slack                                  2.414    

Slack (MET) :             2.414ns  (required time - arrival time)
  Source:                 system_i/PS7/rst_ps7_0_125M/U0/ACTIVE_LOW_PR_OUT_DFF[0].FDRE_PER_N/C
                            (rising edge-triggered cell FDRE clocked by clk_fpga_0  {rise@0.000ns fall@4.000ns period=8.000ns})
  Destination:            system_i/monitor_freq_gpio/U0/AXI_LITE_IPIF_I/I_SLAVE_ATTACHMENT/I_DECODER/GEN_BKEND_CE_REGISTERS[2].ce_out_i_reg[2]/R
                            (rising edge-triggered cell FDRE clocked by clk_fpga_0  {rise@0.000ns fall@4.000ns period=8.000ns})
  Path Group:             clk_fpga_0
  Path Type:              Setup (Max at Slow Process Corner)
  Requirement:            8.000ns  (clk_fpga_0 rise@8.000ns - clk_fpga_0 rise@0.000ns)
  Data Path Delay:        4.784ns  (logic 0.956ns (19.983%)  route 3.828ns (80.017%))
  Logic Levels:           2  (LUT1=1 LUT3=1)
  Clock Path Skew:        -0.046ns (DCD - SCD + CPR)
    Destination Clock Delay (DCD):    2.691ns = ( 10.691 - 8.000 ) 
    Source Clock Delay      (SCD):    2.968ns
    Clock Pessimism Removal (CPR):    0.230ns
  Clock Uncertainty:      0.125ns  ((TSJ^2 + TIJ^2)^1/2 + DJ) / 2 + PE
    Total System Jitter     (TSJ):    0.071ns
    Total Input Jitter      (TIJ):    0.240ns
    Discrete Jitter          (DJ):    0.000ns
    Phase Error              (PE):    0.000ns

    Location             Delay type                Incr(ns)  Path(ns)    Netlist Resource(s)
  -------------------------------------------------------------------    -------------------
                         (clock clk_fpga_0 rise edge)
                                                      0.000     0.000 r  
    PS7_X0Y0             PS7                          0.000     0.000 r  system_i/PS7/processing_system7_0/inst/PS7_i/FCLKCLK[0]
                         net (fo=1, routed)           1.207     1.207    system_i/PS7/processing_system7_0/inst/FCLK_CLK_unbuffered[0]
    BUFGCTRL_X0Y0        BUFG (Prop_bufg_I_O)         0.101     1.308 r  system_i/PS7/processing_system7_0/inst/buffer_fclk_clk_0.FCLK_CLK_0_BUFG/O
                         net (fo=1531, routed)        1.660     2.968    system_i/PS7/rst_ps7_0_125M/U0/slowest_sync_clk
    SLICE_X20Y29         FDRE                                         r  system_i/PS7/rst_ps7_0_125M/U0/ACTIVE_LOW_PR_OUT_DFF[0].FDRE_PER_N/C
  -------------------------------------------------------------------    -------------------
    SLICE_X20Y29         FDRE (Prop_fdre_C_Q)         0.518     3.486 f  system_i/PS7/rst_ps7_0_125M/U0/ACTIVE_LOW_PR_OUT_DFF[0].FDRE_PER_N/Q
                         net (fo=10, routed)          1.599     5.085    system_i/PS7/rst_ps7_0_125M/U0/peripheral_aresetn[0]
    SLICE_X0Y11          LUT1 (Prop_lut1_I0_O)        0.116     5.201 f  system_i/PS7/rst_ps7_0_125M/U0/peripheral_aresetn[0]_hold_fix/O
                         net (fo=4, routed)           1.881     7.083    system_i/monitor_freq_gpio/U0/AXI_LITE_IPIF_I/I_SLAVE_ATTACHMENT/I_DECODER/peripheral_aresetn[0]_hold_fix_1_alias
    SLICE_X14Y38         LUT3 (Prop_lut3_I2_O)        0.322     7.405 r  system_i/monitor_freq_gpio/U0/AXI_LITE_IPIF_I/I_SLAVE_ATTACHMENT/I_DECODER/GEN_BKEND_CE_REGISTERS[3].ce_out_i[3]_i_1/O
                         net (fo=4, routed)           0.348     7.752    system_i/monitor_freq_gpio/U0/AXI_LITE_IPIF_I/I_SLAVE_ATTACHMENT/I_DECODER/cs_ce_clr
    SLICE_X14Y39         FDRE                                         r  system_i/monitor_freq_gpio/U0/AXI_LITE_IPIF_I/I_SLAVE_ATTACHMENT/I_DECODER/GEN_BKEND_CE_REGISTERS[2].ce_out_i_reg[2]/R
  -------------------------------------------------------------------    -------------------

                         (clock clk_fpga_0 rise edge)
                                                      8.000     8.000 r  
    PS7_X0Y0             PS7                          0.000     8.000 r  system_i/PS7/processing_system7_0/inst/PS7_i/FCLKCLK[0]
                         net (fo=1, routed)           1.101     9.101    system_i/PS7/processing_system7_0/inst/FCLK_CLK_unbuffered[0]
    BUFGCTRL_X0Y0        BUFG (Prop_bufg_I_O)         0.091     9.192 r  system_i/PS7/processing_system7_0/inst/buffer_fclk_clk_0.FCLK_CLK_0_BUFG/O
                         net (fo=1531, routed)        1.499    10.691    system_i/monitor_freq_gpio/U0/AXI_LITE_IPIF_I/I_SLAVE_ATTACHMENT/I_DECODER/s_axi_aclk
    SLICE_X14Y39         FDRE                                         r  system_i/monitor_freq_gpio/U0/AXI_LITE_IPIF_I/I_SLAVE_ATTACHMENT/I_DECODER/GEN_BKEND_CE_REGISTERS[2].ce_out_i_reg[2]/C
                         clock pessimism              0.230    10.922    
                         clock uncertainty           -0.125    10.797    
    SLICE_X14Y39         FDRE (Setup_fdre_C_R)       -0.631    10.166    system_i/monitor_freq_gpio/U0/AXI_LITE_IPIF_I/I_SLAVE_ATTACHMENT/I_DECODER/GEN_BKEND_CE_REGISTERS[2].ce_out_i_reg[2]
  -------------------------------------------------------------------
                         required time                         10.166    
                         arrival time                          -7.752    
  -------------------------------------------------------------------
                         slack                                  2.414    

Slack (MET) :             2.414ns  (required time - arrival time)
  Source:                 system_i/PS7/rst_ps7_0_125M/U0/ACTIVE_LOW_PR_OUT_DFF[0].FDRE_PER_N/C
                            (rising edge-triggered cell FDRE clocked by clk_fpga_0  {rise@0.000ns fall@4.000ns period=8.000ns})
  Destination:            system_i/monitor_freq_gpio/U0/AXI_LITE_IPIF_I/I_SLAVE_ATTACHMENT/I_DECODER/GEN_BKEND_CE_REGISTERS[3].ce_out_i_reg[3]/R
                            (rising edge-triggered cell FDRE clocked by clk_fpga_0  {rise@0.000ns fall@4.000ns period=8.000ns})
  Path Group:             clk_fpga_0
  Path Type:              Setup (Max at Slow Process Corner)
  Requirement:            8.000ns  (clk_fpga_0 rise@8.000ns - clk_fpga_0 rise@0.000ns)
  Data Path Delay:        4.784ns  (logic 0.956ns (19.983%)  route 3.828ns (80.017%))
  Logic Levels:           2  (LUT1=1 LUT3=1)
  Clock Path Skew:        -0.046ns (DCD - SCD + CPR)
    Destination Clock Delay (DCD):    2.691ns = ( 10.691 - 8.000 ) 
    Source Clock Delay      (SCD):    2.968ns
    Clock Pessimism Removal (CPR):    0.230ns
  Clock Uncertainty:      0.125ns  ((TSJ^2 + TIJ^2)^1/2 + DJ) / 2 + PE
    Total System Jitter     (TSJ):    0.071ns
    Total Input Jitter      (TIJ):    0.240ns
    Discrete Jitter          (DJ):    0.000ns
    Phase Error              (PE):    0.000ns

    Location             Delay type                Incr(ns)  Path(ns)    Netlist Resource(s)
  -------------------------------------------------------------------    -------------------
                         (clock clk_fpga_0 rise edge)
                                                      0.000     0.000 r  
    PS7_X0Y0             PS7                          0.000     0.000 r  system_i/PS7/processing_system7_0/inst/PS7_i/FCLKCLK[0]
                         net (fo=1, routed)           1.207     1.207    system_i/PS7/processing_system7_0/inst/FCLK_CLK_unbuffered[0]
    BUFGCTRL_X0Y0        BUFG (Prop_bufg_I_O)         0.101     1.308 r  system_i/PS7/processing_system7_0/inst/buffer_fclk_clk_0.FCLK_CLK_0_BUFG/O
                         net (fo=1531, routed)        1.660     2.968    system_i/PS7/rst_ps7_0_125M/U0/slowest_sync_clk
    SLICE_X20Y29         FDRE                                         r  system_i/PS7/rst_ps7_0_125M/U0/ACTIVE_LOW_PR_OUT_DFF[0].FDRE_PER_N/C
  -------------------------------------------------------------------    -------------------
    SLICE_X20Y29         FDRE (Prop_fdre_C_Q)         0.518     3.486 f  system_i/PS7/rst_ps7_0_125M/U0/ACTIVE_LOW_PR_OUT_DFF[0].FDRE_PER_N/Q
                         net (fo=10, routed)          1.599     5.085    system_i/PS7/rst_ps7_0_125M/U0/peripheral_aresetn[0]
    SLICE_X0Y11          LUT1 (Prop_lut1_I0_O)        0.116     5.201 f  system_i/PS7/rst_ps7_0_125M/U0/peripheral_aresetn[0]_hold_fix/O
                         net (fo=4, routed)           1.881     7.083    system_i/monitor_freq_gpio/U0/AXI_LITE_IPIF_I/I_SLAVE_ATTACHMENT/I_DECODER/peripheral_aresetn[0]_hold_fix_1_alias
    SLICE_X14Y38         LUT3 (Prop_lut3_I2_O)        0.322     7.405 r  system_i/monitor_freq_gpio/U0/AXI_LITE_IPIF_I/I_SLAVE_ATTACHMENT/I_DECODER/GEN_BKEND_CE_REGISTERS[3].ce_out_i[3]_i_1/O
                         net (fo=4, routed)           0.348     7.752    system_i/monitor_freq_gpio/U0/AXI_LITE_IPIF_I/I_SLAVE_ATTACHMENT/I_DECODER/cs_ce_clr
    SLICE_X14Y39         FDRE                                         r  system_i/monitor_freq_gpio/U0/AXI_LITE_IPIF_I/I_SLAVE_ATTACHMENT/I_DECODER/GEN_BKEND_CE_REGISTERS[3].ce_out_i_reg[3]/R
  -------------------------------------------------------------------    -------------------

                         (clock clk_fpga_0 rise edge)
                                                      8.000     8.000 r  
    PS7_X0Y0             PS7                          0.000     8.000 r  system_i/PS7/processing_system7_0/inst/PS7_i/FCLKCLK[0]
                         net (fo=1, routed)           1.101     9.101    system_i/PS7/processing_system7_0/inst/FCLK_CLK_unbuffered[0]
    BUFGCTRL_X0Y0        BUFG (Prop_bufg_I_O)         0.091     9.192 r  system_i/PS7/processing_system7_0/inst/buffer_fclk_clk_0.FCLK_CLK_0_BUFG/O
                         net (fo=1531, routed)        1.499    10.691    system_i/monitor_freq_gpio/U0/AXI_LITE_IPIF_I/I_SLAVE_ATTACHMENT/I_DECODER/s_axi_aclk
    SLICE_X14Y39         FDRE                                         r  system_i/monitor_freq_gpio/U0/AXI_LITE_IPIF_I/I_SLAVE_ATTACHMENT/I_DECODER/GEN_BKEND_CE_REGISTERS[3].ce_out_i_reg[3]/C
                         clock pessimism              0.230    10.922    
                         clock uncertainty           -0.125    10.797    
    SLICE_X14Y39         FDRE (Setup_fdre_C_R)       -0.631    10.166    system_i/monitor_freq_gpio/U0/AXI_LITE_IPIF_I/I_SLAVE_ATTACHMENT/I_DECODER/GEN_BKEND_CE_REGISTERS[3].ce_out_i_reg[3]
  -------------------------------------------------------------------
                         required time                         10.166    
                         arrival time                          -7.752    
  -------------------------------------------------------------------
                         slack                                  2.414    

Slack (MET) :             2.559ns  (required time - arrival time)
  Source:                 system_i/monitor_freq_gpio/U0/AXI_LITE_IPIF_I/I_SLAVE_ATTACHMENT/INCLUDE_DPHASE_TIMER.dpto_cnt_reg[2]/C
                            (rising edge-triggered cell FDRE clocked by clk_fpga_0  {rise@0.000ns fall@4.000ns period=8.000ns})
  Destination:            system_i/PS7/processing_system7_0/inst/PS7_i/MAXIGP0WREADY
                            (rising edge-triggered cell PS7 clocked by clk_fpga_0  {rise@0.000ns fall@4.000ns period=8.000ns})
  Path Group:             clk_fpga_0
  Path Type:              Setup (Max at Slow Process Corner)
  Requirement:            8.000ns  (clk_fpga_0 rise@8.000ns - clk_fpga_0 rise@0.000ns)
  Data Path Delay:        4.464ns  (logic 1.107ns (24.796%)  route 3.357ns (75.204%))
  Logic Levels:           3  (LUT5=2 LUT6=1)
  Clock Path Skew:        0.032ns (DCD - SCD + CPR)
    Destination Clock Delay (DCD):    2.781ns = ( 10.781 - 8.000 ) 
    Source Clock Delay      (SCD):    2.980ns
    Clock Pessimism Removal (CPR):    0.230ns
  Clock Uncertainty:      0.125ns  ((TSJ^2 + TIJ^2)^1/2 + DJ) / 2 + PE
    Total System Jitter     (TSJ):    0.071ns
    Total Input Jitter      (TIJ):    0.240ns
    Discrete Jitter          (DJ):    0.000ns
    Phase Error              (PE):    0.000ns

    Location             Delay type                Incr(ns)  Path(ns)    Netlist Resource(s)
  -------------------------------------------------------------------    -------------------
                         (clock clk_fpga_0 rise edge)
                                                      0.000     0.000 r  
    PS7_X0Y0             PS7                          0.000     0.000 r  system_i/PS7/processing_system7_0/inst/PS7_i/FCLKCLK[0]
                         net (fo=1, routed)           1.207     1.207    system_i/PS7/processing_system7_0/inst/FCLK_CLK_unbuffered[0]
    BUFGCTRL_X0Y0        BUFG (Prop_bufg_I_O)         0.101     1.308 r  system_i/PS7/processing_system7_0/inst/buffer_fclk_clk_0.FCLK_CLK_0_BUFG/O
                         net (fo=1531, routed)        1.672     2.980    system_i/monitor_freq_gpio/U0/AXI_LITE_IPIF_I/I_SLAVE_ATTACHMENT/s_axi_aclk
    SLICE_X16Y39         FDRE                                         r  system_i/monitor_freq_gpio/U0/AXI_LITE_IPIF_I/I_SLAVE_ATTACHMENT/INCLUDE_DPHASE_TIMER.dpto_cnt_reg[2]/C
  -------------------------------------------------------------------    -------------------
    SLICE_X16Y39         FDRE (Prop_fdre_C_Q)         0.518     3.498 f  system_i/monitor_freq_gpio/U0/AXI_LITE_IPIF_I/I_SLAVE_ATTACHMENT/INCLUDE_DPHASE_TIMER.dpto_cnt_reg[2]/Q
                         net (fo=4, routed)           1.050     4.548    system_i/monitor_freq_gpio/U0/AXI_LITE_IPIF_I/I_SLAVE_ATTACHMENT/I_DECODER/s_axi_arready_0[2]
    SLICE_X16Y39         LUT6 (Prop_lut6_I2_O)        0.124     4.672 r  system_i/monitor_freq_gpio/U0/AXI_LITE_IPIF_I/I_SLAVE_ATTACHMENT/I_DECODER/s_axi_wready_INST_0/O
                         net (fo=9, routed)           0.904     5.576    system_i/PS7/ps7_0_axi_periph/xbar/inst/gen_sasd.crossbar_sasd_0/gen_decerr.decerr_slave_inst/m_axi_wready[0]
    SLICE_X10Y39         LUT5 (Prop_lut5_I0_O)        0.117     5.693 r  system_i/PS7/ps7_0_axi_periph/xbar/inst/gen_sasd.crossbar_sasd_0/gen_decerr.decerr_slave_inst/s_axi_wready[0]_INST_0_i_1/O
                         net (fo=3, routed)           0.630     6.324    system_i/PS7/ps7_0_axi_periph/xbar/inst/gen_sasd.crossbar_sasd_0/addr_arbiter_inst/f_mux_return__1
    SLICE_X7Y41          LUT5 (Prop_lut5_I4_O)        0.348     6.672 r  system_i/PS7/ps7_0_axi_periph/xbar/inst/gen_sasd.crossbar_sasd_0/addr_arbiter_inst/s_axi_wready[0]_INST_0/O
                         net (fo=1, routed)           0.773     7.444    system_i/PS7/processing_system7_0/inst/M_AXI_GP0_WREADY
    PS7_X0Y0             PS7                                          r  system_i/PS7/processing_system7_0/inst/PS7_i/MAXIGP0WREADY
  -------------------------------------------------------------------    -------------------

                         (clock clk_fpga_0 rise edge)
                                                      8.000     8.000 r  
    PS7_X0Y0             PS7                          0.000     8.000 r  system_i/PS7/processing_system7_0/inst/PS7_i/FCLKCLK[0]
                         net (fo=1, routed)           1.101     9.101    system_i/PS7/processing_system7_0/inst/FCLK_CLK_unbuffered[0]
    BUFGCTRL_X0Y0        BUFG (Prop_bufg_I_O)         0.091     9.192 r  system_i/PS7/processing_system7_0/inst/buffer_fclk_clk_0.FCLK_CLK_0_BUFG/O
                         net (fo=1531, routed)        1.589    10.781    system_i/PS7/processing_system7_0/inst/M_AXI_GP0_ACLK
    PS7_X0Y0             PS7                                          r  system_i/PS7/processing_system7_0/inst/PS7_i/MAXIGP0ACLK
                         clock pessimism              0.230    11.012    
                         clock uncertainty           -0.125    10.887    
    PS7_X0Y0             PS7 (Setup_ps7_MAXIGP0ACLK_MAXIGP0WREADY)
                                                     -0.883    10.004    system_i/PS7/processing_system7_0/inst/PS7_i
  -------------------------------------------------------------------
                         required time                         10.004    
                         arrival time                          -7.444    
  -------------------------------------------------------------------
                         slack                                  2.559    

Slack (MET) :             2.631ns  (required time - arrival time)
  Source:                 system_i/monitor_freq_gpio/U0/AXI_LITE_IPIF_I/I_SLAVE_ATTACHMENT/bus2ip_addr_i_reg[3]/C
                            (rising edge-triggered cell FDRE clocked by clk_fpga_0  {rise@0.000ns fall@4.000ns period=8.000ns})
  Destination:            system_i/monitor_freq_gpio/U0/gpio_core_1/Dual.ALLOUT0_ND_G2.READ_REG2_GEN[7].reg4_reg[7]/D
                            (rising edge-triggered cell FDRE clocked by clk_fpga_0  {rise@0.000ns fall@4.000ns period=8.000ns})
  Path Group:             clk_fpga_0
  Path Type:              Setup (Max at Slow Process Corner)
  Requirement:            8.000ns  (clk_fpga_0 rise@8.000ns - clk_fpga_0 rise@0.000ns)
  Data Path Delay:        5.093ns  (logic 0.642ns (12.604%)  route 4.451ns (87.396%))
  Logic Levels:           1  (LUT6=1)
  Clock Path Skew:        -0.181ns (DCD - SCD + CPR)
    Destination Clock Delay (DCD):    2.690ns = ( 10.690 - 8.000 ) 
    Source Clock Delay      (SCD):    2.987ns
    Clock Pessimism Removal (CPR):    0.116ns
  Clock Uncertainty:      0.125ns  ((TSJ^2 + TIJ^2)^1/2 + DJ) / 2 + PE
    Total System Jitter     (TSJ):    0.071ns
    Total Input Jitter      (TIJ):    0.240ns
    Discrete Jitter          (DJ):    0.000ns
    Phase Error              (PE):    0.000ns

    Location             Delay type                Incr(ns)  Path(ns)    Netlist Resource(s)
  -------------------------------------------------------------------    -------------------
                         (clock clk_fpga_0 rise edge)
                                                      0.000     0.000 r  
    PS7_X0Y0             PS7                          0.000     0.000 r  system_i/PS7/processing_system7_0/inst/PS7_i/FCLKCLK[0]
                         net (fo=1, routed)           1.207     1.207    system_i/PS7/processing_system7_0/inst/FCLK_CLK_unbuffered[0]
    BUFGCTRL_X0Y0        BUFG (Prop_bufg_I_O)         0.101     1.308 r  system_i/PS7/processing_system7_0/inst/buffer_fclk_clk_0.FCLK_CLK_0_BUFG/O
                         net (fo=1531, routed)        1.679     2.987    system_i/monitor_freq_gpio/U0/AXI_LITE_IPIF_I/I_SLAVE_ATTACHMENT/s_axi_aclk
    SLICE_X10Y39         FDRE                                         r  system_i/monitor_freq_gpio/U0/AXI_LITE_IPIF_I/I_SLAVE_ATTACHMENT/bus2ip_addr_i_reg[3]/C
  -------------------------------------------------------------------    -------------------
    SLICE_X10Y39         FDRE (Prop_fdre_C_Q)         0.518     3.505 r  system_i/monitor_freq_gpio/U0/AXI_LITE_IPIF_I/I_SLAVE_ATTACHMENT/bus2ip_addr_i_reg[3]/Q
                         net (fo=103, routed)         4.451     7.956    system_i/monitor_freq_gpio/U0/gpio_core_1/Q[1]
    SLICE_X9Y51          LUT6 (Prop_lut6_I3_O)        0.124     8.080 r  system_i/monitor_freq_gpio/U0/gpio_core_1/Dual.ALLOUT0_ND_G2.READ_REG2_GEN[7].reg4[7]_i_1/O
                         net (fo=1, routed)           0.000     8.080    system_i/monitor_freq_gpio/U0/gpio_core_1/Dual.ALLOUT0_ND_G2.READ_REG2_GEN[7].reg4[7]_i_1_n_0
    SLICE_X9Y51          FDRE                                         r  system_i/monitor_freq_gpio/U0/gpio_core_1/Dual.ALLOUT0_ND_G2.READ_REG2_GEN[7].reg4_reg[7]/D
  -------------------------------------------------------------------    -------------------

                         (clock clk_fpga_0 rise edge)
                                                      8.000     8.000 r  
    PS7_X0Y0             PS7                          0.000     8.000 r  system_i/PS7/processing_system7_0/inst/PS7_i/FCLKCLK[0]
                         net (fo=1, routed)           1.101     9.101    system_i/PS7/processing_system7_0/inst/FCLK_CLK_unbuffered[0]
    BUFGCTRL_X0Y0        BUFG (Prop_bufg_I_O)         0.091     9.192 r  system_i/PS7/processing_system7_0/inst/buffer_fclk_clk_0.FCLK_CLK_0_BUFG/O
                         net (fo=1531, routed)        1.498    10.690    system_i/monitor_freq_gpio/U0/gpio_core_1/s_axi_aclk
    SLICE_X9Y51          FDRE                                         r  system_i/monitor_freq_gpio/U0/gpio_core_1/Dual.ALLOUT0_ND_G2.READ_REG2_GEN[7].reg4_reg[7]/C
                         clock pessimism              0.116    10.806    
                         clock uncertainty           -0.125    10.681    
    SLICE_X9Y51          FDRE (Setup_fdre_C_D)        0.031    10.712    system_i/monitor_freq_gpio/U0/gpio_core_1/Dual.ALLOUT0_ND_G2.READ_REG2_GEN[7].reg4_reg[7]
  -------------------------------------------------------------------
                         required time                         10.712    
                         arrival time                          -8.080    
  -------------------------------------------------------------------
                         slack                                  2.631    

Slack (MET) :             2.646ns  (required time - arrival time)
  Source:                 system_i/PS7/ps7_0_axi_periph/s00_couplers/auto_pc/inst/gen_axilite.gen_b2s_conv.axilite_b2s/WR.aw_channel_0/cmd_translator_0/s_axburst_eq1_reg/C
                            (rising edge-triggered cell FDRE clocked by clk_fpga_0  {rise@0.000ns fall@4.000ns period=8.000ns})
  Destination:            system_i/PS7/ps7_0_axi_periph/s00_couplers/auto_pc/inst/gen_axilite.gen_b2s_conv.axilite_b2s/WR.aw_channel_0/cmd_translator_0/incr_cmd_0/axaddr_incr_reg[9]/D
                            (rising edge-triggered cell FDRE clocked by clk_fpga_0  {rise@0.000ns fall@4.000ns period=8.000ns})
  Path Group:             clk_fpga_0
  Path Type:              Setup (Max at Slow Process Corner)
  Requirement:            8.000ns  (clk_fpga_0 rise@8.000ns - clk_fpga_0 rise@0.000ns)
  Data Path Delay:        5.287ns  (logic 2.602ns (49.214%)  route 2.685ns (50.786%))
  Logic Levels:           7  (CARRY4=3 LUT3=1 LUT4=1 LUT5=1 LUT6=1)
  Clock Path Skew:        -0.017ns (DCD - SCD + CPR)
    Destination Clock Delay (DCD):    2.737ns = ( 10.738 - 8.000 ) 
    Source Clock Delay      (SCD):    2.985ns
    Clock Pessimism Removal (CPR):    0.230ns
  Clock Uncertainty:      0.125ns  ((TSJ^2 + TIJ^2)^1/2 + DJ) / 2 + PE
    Total System Jitter     (TSJ):    0.071ns
    Total Input Jitter      (TIJ):    0.240ns
    Discrete Jitter          (DJ):    0.000ns
    Phase Error              (PE):    0.000ns

    Location             Delay type                Incr(ns)  Path(ns)    Netlist Resource(s)
  -------------------------------------------------------------------    -------------------
                         (clock clk_fpga_0 rise edge)
                                                      0.000     0.000 r  
    PS7_X0Y0             PS7                          0.000     0.000 r  system_i/PS7/processing_system7_0/inst/PS7_i/FCLKCLK[0]
                         net (fo=1, routed)           1.207     1.207    system_i/PS7/processing_system7_0/inst/FCLK_CLK_unbuffered[0]
    BUFGCTRL_X0Y0        BUFG (Prop_bufg_I_O)         0.101     1.308 r  system_i/PS7/processing_system7_0/inst/buffer_fclk_clk_0.FCLK_CLK_0_BUFG/O
                         net (fo=1531, routed)        1.677     2.985    system_i/PS7/ps7_0_axi_periph/s00_couplers/auto_pc/inst/gen_axilite.gen_b2s_conv.axilite_b2s/WR.aw_channel_0/cmd_translator_0/aclk
    SLICE_X6Y37          FDRE                                         r  system_i/PS7/ps7_0_axi_periph/s00_couplers/auto_pc/inst/gen_axilite.gen_b2s_conv.axilite_b2s/WR.aw_channel_0/cmd_translator_0/s_axburst_eq1_reg/C
  -------------------------------------------------------------------    -------------------
    SLICE_X6Y37          FDRE (Prop_fdre_C_Q)         0.478     3.463 r  system_i/PS7/ps7_0_axi_periph/s00_couplers/auto_pc/inst/gen_axilite.gen_b2s_conv.axilite_b2s/WR.aw_channel_0/cmd_translator_0/s_axburst_eq1_reg/Q
                         net (fo=2, routed)           1.063     4.526    system_i/PS7/ps7_0_axi_periph/s00_couplers/auto_pc/inst/gen_axilite.gen_b2s_conv.axilite_b2s/WR.b_channel_0/bid_fifo_0/s_axburst_eq1
    SLICE_X4Y39          LUT5 (Prop_lut5_I4_O)        0.323     4.849 f  system_i/PS7/ps7_0_axi_periph/s00_couplers/auto_pc/inst/gen_axilite.gen_b2s_conv.axilite_b2s/WR.b_channel_0/bid_fifo_0/FSM_sequential_state[0]_i_2/O
                         net (fo=3, routed)           0.319     5.168    system_i/PS7/ps7_0_axi_periph/s00_couplers/auto_pc/inst/gen_axilite.gen_b2s_conv.axilite_b2s/WR.b_channel_0/bid_fifo_0/FSM_sequential_state[0]_i_2_n_0
    SLICE_X4Y39          LUT6 (Prop_lut6_I1_O)        0.348     5.516 r  system_i/PS7/ps7_0_axi_periph/s00_couplers/auto_pc/inst/gen_axilite.gen_b2s_conv.axilite_b2s/WR.b_channel_0/bid_fifo_0/next_pending_r_i_3/O
                         net (fo=23, routed)          0.638     6.154    system_i/PS7/ps7_0_axi_periph/s00_couplers/auto_pc/inst/gen_axilite.gen_b2s_conv.axilite_b2s/WR.aw_channel_0/cmd_translator_0/incr_cmd_0/next_pending_r_reg_0
    SLICE_X3Y38          LUT4 (Prop_lut4_I1_O)        0.124     6.278 r  system_i/PS7/ps7_0_axi_periph/s00_couplers/auto_pc/inst/gen_axilite.gen_b2s_conv.axilite_b2s/WR.aw_channel_0/cmd_translator_0/incr_cmd_0/axaddr_incr[3]_i_9/O
                         net (fo=1, routed)           0.000     6.278    system_i/PS7/ps7_0_axi_periph/s00_couplers/auto_pc/inst/gen_axilite.gen_b2s_conv.axilite_b2s/SI_REG/aw.aw_pipe/S[1]
    SLICE_X3Y38          CARRY4 (Prop_carry4_S[1]_CO[3])
                                                      0.550     6.828 r  system_i/PS7/ps7_0_axi_periph/s00_couplers/auto_pc/inst/gen_axilite.gen_b2s_conv.axilite_b2s/SI_REG/aw.aw_pipe/axaddr_incr_reg[3]_i_2/CO[3]
                         net (fo=1, routed)           0.000     6.828    system_i/PS7/ps7_0_axi_periph/s00_couplers/auto_pc/inst/gen_axilite.gen_b2s_conv.axilite_b2s/SI_REG/aw.aw_pipe/axaddr_incr_reg[3]_i_2_n_0
    SLICE_X3Y39          CARRY4 (Prop_carry4_CI_CO[3])
                                                      0.114     6.942 r  system_i/PS7/ps7_0_axi_periph/s00_couplers/auto_pc/inst/gen_axilite.gen_b2s_conv.axilite_b2s/SI_REG/aw.aw_pipe/axaddr_incr_reg[7]_i_2/CO[3]
                         net (fo=1, routed)           0.000     6.942    system_i/PS7/ps7_0_axi_periph/s00_couplers/auto_pc/inst/gen_axilite.gen_b2s_conv.axilite_b2s/SI_REG/aw.aw_pipe/axaddr_incr_reg[7]_i_2_n_0
    SLICE_X3Y40          CARRY4 (Prop_carry4_CI_O[1])
                                                      0.334     7.276 r  system_i/PS7/ps7_0_axi_periph/s00_couplers/auto_pc/inst/gen_axilite.gen_b2s_conv.axilite_b2s/SI_REG/aw.aw_pipe/axaddr_incr_reg[11]_i_3/O[1]
                         net (fo=1, routed)           0.665     7.941    system_i/PS7/ps7_0_axi_periph/s00_couplers/auto_pc/inst/gen_axilite.gen_b2s_conv.axilite_b2s/WR.aw_channel_0/cmd_translator_0/incr_cmd_0/axaddr_incr[9]
    SLICE_X1Y40          LUT3 (Prop_lut3_I0_O)        0.331     8.272 r  system_i/PS7/ps7_0_axi_periph/s00_couplers/auto_pc/inst/gen_axilite.gen_b2s_conv.axilite_b2s/WR.aw_channel_0/cmd_translator_0/incr_cmd_0/axaddr_incr[9]_i_1/O
                         net (fo=1, routed)           0.000     8.272    system_i/PS7/ps7_0_axi_periph/s00_couplers/auto_pc/inst/gen_axilite.gen_b2s_conv.axilite_b2s/WR.aw_channel_0/cmd_translator_0/incr_cmd_0/p_1_in[9]
    SLICE_X1Y40          FDRE                                         r  system_i/PS7/ps7_0_axi_periph/s00_couplers/auto_pc/inst/gen_axilite.gen_b2s_conv.axilite_b2s/WR.aw_channel_0/cmd_translator_0/incr_cmd_0/axaddr_incr_reg[9]/D
  -------------------------------------------------------------------    -------------------

                         (clock clk_fpga_0 rise edge)
                                                      8.000     8.000 r  
    PS7_X0Y0             PS7                          0.000     8.000 r  system_i/PS7/processing_system7_0/inst/PS7_i/FCLKCLK[0]
                         net (fo=1, routed)           1.101     9.101    system_i/PS7/processing_system7_0/inst/FCLK_CLK_unbuffered[0]
    BUFGCTRL_X0Y0        BUFG (Prop_bufg_I_O)         0.091     9.192 r  system_i/PS7/processing_system7_0/inst/buffer_fclk_clk_0.FCLK_CLK_0_BUFG/O
                         net (fo=1531, routed)        1.545    10.737    system_i/PS7/ps7_0_axi_periph/s00_couplers/auto_pc/inst/gen_axilite.gen_b2s_conv.axilite_b2s/WR.aw_channel_0/cmd_translator_0/incr_cmd_0/aclk
    SLICE_X1Y40          FDRE                                         r  system_i/PS7/ps7_0_axi_periph/s00_couplers/auto_pc/inst/gen_axilite.gen_b2s_conv.axilite_b2s/WR.aw_channel_0/cmd_translator_0/incr_cmd_0/axaddr_incr_reg[9]/C
                         clock pessimism              0.230    10.968    
                         clock uncertainty           -0.125    10.843    
    SLICE_X1Y40          FDRE (Setup_fdre_C_D)        0.075    10.918    system_i/PS7/ps7_0_axi_periph/s00_couplers/auto_pc/inst/gen_axilite.gen_b2s_conv.axilite_b2s/WR.aw_channel_0/cmd_translator_0/incr_cmd_0/axaddr_incr_reg[9]
  -------------------------------------------------------------------
                         required time                         10.918    
                         arrival time                          -8.272    
  -------------------------------------------------------------------
                         slack                                  2.646    

Slack (MET) :             2.654ns  (required time - arrival time)
  Source:                 system_i/PS7/ps7_0_axi_periph/s00_couplers/auto_pc/inst/gen_axilite.gen_b2s_conv.axilite_b2s/WR.aw_channel_0/cmd_translator_0/s_axburst_eq1_reg/C
                            (rising edge-triggered cell FDRE clocked by clk_fpga_0  {rise@0.000ns fall@4.000ns period=8.000ns})
  Destination:            system_i/PS7/ps7_0_axi_periph/s00_couplers/auto_pc/inst/gen_axilite.gen_b2s_conv.axilite_b2s/WR.aw_channel_0/cmd_translator_0/incr_cmd_0/axaddr_incr_reg[8]/D
                            (rising edge-triggered cell FDRE clocked by clk_fpga_0  {rise@0.000ns fall@4.000ns period=8.000ns})
  Path Group:             clk_fpga_0
  Path Type:              Setup (Max at Slow Process Corner)
  Requirement:            8.000ns  (clk_fpga_0 rise@8.000ns - clk_fpga_0 rise@0.000ns)
  Data Path Delay:        5.279ns  (logic 2.484ns (47.058%)  route 2.795ns (52.942%))
  Logic Levels:           7  (CARRY4=3 LUT3=1 LUT4=1 LUT5=1 LUT6=1)
  Clock Path Skew:        -0.017ns (DCD - SCD + CPR)
    Destination Clock Delay (DCD):    2.737ns = ( 10.738 - 8.000 ) 
    Source Clock Delay      (SCD):    2.985ns
    Clock Pessimism Removal (CPR):    0.230ns
  Clock Uncertainty:      0.125ns  ((TSJ^2 + TIJ^2)^1/2 + DJ) / 2 + PE
    Total System Jitter     (TSJ):    0.071ns
    Total Input Jitter      (TIJ):    0.240ns
    Discrete Jitter          (DJ):    0.000ns
    Phase Error              (PE):    0.000ns

    Location             Delay type                Incr(ns)  Path(ns)    Netlist Resource(s)
  -------------------------------------------------------------------    -------------------
                         (clock clk_fpga_0 rise edge)
                                                      0.000     0.000 r  
    PS7_X0Y0             PS7                          0.000     0.000 r  system_i/PS7/processing_system7_0/inst/PS7_i/FCLKCLK[0]
                         net (fo=1, routed)           1.207     1.207    system_i/PS7/processing_system7_0/inst/FCLK_CLK_unbuffered[0]
    BUFGCTRL_X0Y0        BUFG (Prop_bufg_I_O)         0.101     1.308 r  system_i/PS7/processing_system7_0/inst/buffer_fclk_clk_0.FCLK_CLK_0_BUFG/O
                         net (fo=1531, routed)        1.677     2.985    system_i/PS7/ps7_0_axi_periph/s00_couplers/auto_pc/inst/gen_axilite.gen_b2s_conv.axilite_b2s/WR.aw_channel_0/cmd_translator_0/aclk
    SLICE_X6Y37          FDRE                                         r  system_i/PS7/ps7_0_axi_periph/s00_couplers/auto_pc/inst/gen_axilite.gen_b2s_conv.axilite_b2s/WR.aw_channel_0/cmd_translator_0/s_axburst_eq1_reg/C
  -------------------------------------------------------------------    -------------------
    SLICE_X6Y37          FDRE (Prop_fdre_C_Q)         0.478     3.463 r  system_i/PS7/ps7_0_axi_periph/s00_couplers/auto_pc/inst/gen_axilite.gen_b2s_conv.axilite_b2s/WR.aw_channel_0/cmd_translator_0/s_axburst_eq1_reg/Q
                         net (fo=2, routed)           1.063     4.526    system_i/PS7/ps7_0_axi_periph/s00_couplers/auto_pc/inst/gen_axilite.gen_b2s_conv.axilite_b2s/WR.b_channel_0/bid_fifo_0/s_axburst_eq1
    SLICE_X4Y39          LUT5 (Prop_lut5_I4_O)        0.323     4.849 f  system_i/PS7/ps7_0_axi_periph/s00_couplers/auto_pc/inst/gen_axilite.gen_b2s_conv.axilite_b2s/WR.b_channel_0/bid_fifo_0/FSM_sequential_state[0]_i_2/O
                         net (fo=3, routed)           0.319     5.168    system_i/PS7/ps7_0_axi_periph/s00_couplers/auto_pc/inst/gen_axilite.gen_b2s_conv.axilite_b2s/WR.b_channel_0/bid_fifo_0/FSM_sequential_state[0]_i_2_n_0
    SLICE_X4Y39          LUT6 (Prop_lut6_I1_O)        0.348     5.516 r  system_i/PS7/ps7_0_axi_periph/s00_couplers/auto_pc/inst/gen_axilite.gen_b2s_conv.axilite_b2s/WR.b_channel_0/bid_fifo_0/next_pending_r_i_3/O
                         net (fo=23, routed)          0.638     6.154    system_i/PS7/ps7_0_axi_periph/s00_couplers/auto_pc/inst/gen_axilite.gen_b2s_conv.axilite_b2s/WR.aw_channel_0/cmd_translator_0/incr_cmd_0/next_pending_r_reg_0
    SLICE_X3Y38          LUT4 (Prop_lut4_I1_O)        0.124     6.278 r  system_i/PS7/ps7_0_axi_periph/s00_couplers/auto_pc/inst/gen_axilite.gen_b2s_conv.axilite_b2s/WR.aw_channel_0/cmd_translator_0/incr_cmd_0/axaddr_incr[3]_i_9/O
                         net (fo=1, routed)           0.000     6.278    system_i/PS7/ps7_0_axi_periph/s00_couplers/auto_pc/inst/gen_axilite.gen_b2s_conv.axilite_b2s/SI_REG/aw.aw_pipe/S[1]
    SLICE_X3Y38          CARRY4 (Prop_carry4_S[1]_CO[3])
                                                      0.550     6.828 r  system_i/PS7/ps7_0_axi_periph/s00_couplers/auto_pc/inst/gen_axilite.gen_b2s_conv.axilite_b2s/SI_REG/aw.aw_pipe/axaddr_incr_reg[3]_i_2/CO[3]
                         net (fo=1, routed)           0.000     6.828    system_i/PS7/ps7_0_axi_periph/s00_couplers/auto_pc/inst/gen_axilite.gen_b2s_conv.axilite_b2s/SI_REG/aw.aw_pipe/axaddr_incr_reg[3]_i_2_n_0
    SLICE_X3Y39          CARRY4 (Prop_carry4_CI_CO[3])
                                                      0.114     6.942 r  system_i/PS7/ps7_0_axi_periph/s00_couplers/auto_pc/inst/gen_axilite.gen_b2s_conv.axilite_b2s/SI_REG/aw.aw_pipe/axaddr_incr_reg[7]_i_2/CO[3]
                         net (fo=1, routed)           0.000     6.942    system_i/PS7/ps7_0_axi_periph/s00_couplers/auto_pc/inst/gen_axilite.gen_b2s_conv.axilite_b2s/SI_REG/aw.aw_pipe/axaddr_incr_reg[7]_i_2_n_0
    SLICE_X3Y40          CARRY4 (Prop_carry4_CI_O[0])
                                                      0.222     7.164 r  system_i/PS7/ps7_0_axi_periph/s00_couplers/auto_pc/inst/gen_axilite.gen_b2s_conv.axilite_b2s/SI_REG/aw.aw_pipe/axaddr_incr_reg[11]_i_3/O[0]
                         net (fo=1, routed)           0.775     7.939    system_i/PS7/ps7_0_axi_periph/s00_couplers/auto_pc/inst/gen_axilite.gen_b2s_conv.axilite_b2s/WR.aw_channel_0/cmd_translator_0/incr_cmd_0/axaddr_incr[8]
    SLICE_X1Y40          LUT3 (Prop_lut3_I0_O)        0.325     8.264 r  system_i/PS7/ps7_0_axi_periph/s00_couplers/auto_pc/inst/gen_axilite.gen_b2s_conv.axilite_b2s/WR.aw_channel_0/cmd_translator_0/incr_cmd_0/axaddr_incr[8]_i_1/O
                         net (fo=1, routed)           0.000     8.264    system_i/PS7/ps7_0_axi_periph/s00_couplers/auto_pc/inst/gen_axilite.gen_b2s_conv.axilite_b2s/WR.aw_channel_0/cmd_translator_0/incr_cmd_0/p_1_in[8]
    SLICE_X1Y40          FDRE                                         r  system_i/PS7/ps7_0_axi_periph/s00_couplers/auto_pc/inst/gen_axilite.gen_b2s_conv.axilite_b2s/WR.aw_channel_0/cmd_translator_0/incr_cmd_0/axaddr_incr_reg[8]/D
  -------------------------------------------------------------------    -------------------

                         (clock clk_fpga_0 rise edge)
                                                      8.000     8.000 r  
    PS7_X0Y0             PS7                          0.000     8.000 r  system_i/PS7/processing_system7_0/inst/PS7_i/FCLKCLK[0]
                         net (fo=1, routed)           1.101     9.101    system_i/PS7/processing_system7_0/inst/FCLK_CLK_unbuffered[0]
    BUFGCTRL_X0Y0        BUFG (Prop_bufg_I_O)         0.091     9.192 r  system_i/PS7/processing_system7_0/inst/buffer_fclk_clk_0.FCLK_CLK_0_BUFG/O
                         net (fo=1531, routed)        1.545    10.737    system_i/PS7/ps7_0_axi_periph/s00_couplers/auto_pc/inst/gen_axilite.gen_b2s_conv.axilite_b2s/WR.aw_channel_0/cmd_translator_0/incr_cmd_0/aclk
    SLICE_X1Y40          FDRE                                         r  system_i/PS7/ps7_0_axi_periph/s00_couplers/auto_pc/inst/gen_axilite.gen_b2s_conv.axilite_b2s/WR.aw_channel_0/cmd_translator_0/incr_cmd_0/axaddr_incr_reg[8]/C
                         clock pessimism              0.230    10.968    
                         clock uncertainty           -0.125    10.843    
    SLICE_X1Y40          FDRE (Setup_fdre_C_D)        0.075    10.918    system_i/PS7/ps7_0_axi_periph/s00_couplers/auto_pc/inst/gen_axilite.gen_b2s_conv.axilite_b2s/WR.aw_channel_0/cmd_translator_0/incr_cmd_0/axaddr_incr_reg[8]
  -------------------------------------------------------------------
                         required time                         10.918    
                         arrival time                          -8.264    
  -------------------------------------------------------------------
                         slack                                  2.654    

Slack (MET) :             2.710ns  (required time - arrival time)
  Source:                 system_i/PS7/ps7_0_axi_periph/s00_couplers/auto_pc/inst/gen_axilite.gen_b2s_conv.axilite_b2s/WR.aw_channel_0/cmd_translator_0/s_axburst_eq1_reg/C
                            (rising edge-triggered cell FDRE clocked by clk_fpga_0  {rise@0.000ns fall@4.000ns period=8.000ns})
  Destination:            system_i/PS7/ps7_0_axi_periph/s00_couplers/auto_pc/inst/gen_axilite.gen_b2s_conv.axilite_b2s/WR.aw_channel_0/cmd_translator_0/incr_cmd_0/axaddr_incr_reg[7]/D
                            (rising edge-triggered cell FDRE clocked by clk_fpga_0  {rise@0.000ns fall@4.000ns period=8.000ns})
  Path Group:             clk_fpga_0
  Path Type:              Setup (Max at Slow Process Corner)
  Requirement:            8.000ns  (clk_fpga_0 rise@8.000ns - clk_fpga_0 rise@0.000ns)
  Data Path Delay:        5.222ns  (logic 2.467ns (47.242%)  route 2.755ns (52.758%))
  Logic Levels:           6  (CARRY4=2 LUT3=1 LUT4=1 LUT5=1 LUT6=1)
  Clock Path Skew:        -0.018ns (DCD - SCD + CPR)
    Destination Clock Delay (DCD):    2.737ns = ( 10.736 - 8.000 ) 
    Source Clock Delay      (SCD):    2.985ns
    Clock Pessimism Removal (CPR):    0.230ns
  Clock Uncertainty:      0.125ns  ((TSJ^2 + TIJ^2)^1/2 + DJ) / 2 + PE
    Total System Jitter     (TSJ):    0.071ns
    Total Input Jitter      (TIJ):    0.240ns
    Discrete Jitter          (DJ):    0.000ns
    Phase Error              (PE):    0.000ns

    Location             Delay type                Incr(ns)  Path(ns)    Netlist Resource(s)
  -------------------------------------------------------------------    -------------------
                         (clock clk_fpga_0 rise edge)
                                                      0.000     0.000 r  
    PS7_X0Y0             PS7                          0.000     0.000 r  system_i/PS7/processing_system7_0/inst/PS7_i/FCLKCLK[0]
                         net (fo=1, routed)           1.207     1.207    system_i/PS7/processing_system7_0/inst/FCLK_CLK_unbuffered[0]
    BUFGCTRL_X0Y0        BUFG (Prop_bufg_I_O)         0.101     1.308 r  system_i/PS7/processing_system7_0/inst/buffer_fclk_clk_0.FCLK_CLK_0_BUFG/O
                         net (fo=1531, routed)        1.677     2.985    system_i/PS7/ps7_0_axi_periph/s00_couplers/auto_pc/inst/gen_axilite.gen_b2s_conv.axilite_b2s/WR.aw_channel_0/cmd_translator_0/aclk
    SLICE_X6Y37          FDRE                                         r  system_i/PS7/ps7_0_axi_periph/s00_couplers/auto_pc/inst/gen_axilite.gen_b2s_conv.axilite_b2s/WR.aw_channel_0/cmd_translator_0/s_axburst_eq1_reg/C
  -------------------------------------------------------------------    -------------------
    SLICE_X6Y37          FDRE (Prop_fdre_C_Q)         0.478     3.463 r  system_i/PS7/ps7_0_axi_periph/s00_couplers/auto_pc/inst/gen_axilite.gen_b2s_conv.axilite_b2s/WR.aw_channel_0/cmd_translator_0/s_axburst_eq1_reg/Q
                         net (fo=2, routed)           1.063     4.526    system_i/PS7/ps7_0_axi_periph/s00_couplers/auto_pc/inst/gen_axilite.gen_b2s_conv.axilite_b2s/WR.b_channel_0/bid_fifo_0/s_axburst_eq1
    SLICE_X4Y39          LUT5 (Prop_lut5_I4_O)        0.323     4.849 f  system_i/PS7/ps7_0_axi_periph/s00_couplers/auto_pc/inst/gen_axilite.gen_b2s_conv.axilite_b2s/WR.b_channel_0/bid_fifo_0/FSM_sequential_state[0]_i_2/O
                         net (fo=3, routed)           0.319     5.168    system_i/PS7/ps7_0_axi_periph/s00_couplers/auto_pc/inst/gen_axilite.gen_b2s_conv.axilite_b2s/WR.b_channel_0/bid_fifo_0/FSM_sequential_state[0]_i_2_n_0
    SLICE_X4Y39          LUT6 (Prop_lut6_I1_O)        0.348     5.516 r  system_i/PS7/ps7_0_axi_periph/s00_couplers/auto_pc/inst/gen_axilite.gen_b2s_conv.axilite_b2s/WR.b_channel_0/bid_fifo_0/next_pending_r_i_3/O
                         net (fo=23, routed)          0.638     6.154    system_i/PS7/ps7_0_axi_periph/s00_couplers/auto_pc/inst/gen_axilite.gen_b2s_conv.axilite_b2s/WR.aw_channel_0/cmd_translator_0/incr_cmd_0/next_pending_r_reg_0
    SLICE_X3Y38          LUT4 (Prop_lut4_I1_O)        0.124     6.278 r  system_i/PS7/ps7_0_axi_periph/s00_couplers/auto_pc/inst/gen_axilite.gen_b2s_conv.axilite_b2s/WR.aw_channel_0/cmd_translator_0/incr_cmd_0/axaddr_incr[3]_i_9/O
                         net (fo=1, routed)           0.000     6.278    system_i/PS7/ps7_0_axi_periph/s00_couplers/auto_pc/inst/gen_axilite.gen_b2s_conv.axilite_b2s/SI_REG/aw.aw_pipe/S[1]
    SLICE_X3Y38          CARRY4 (Prop_carry4_S[1]_CO[3])
                                                      0.550     6.828 r  system_i/PS7/ps7_0_axi_periph/s00_couplers/auto_pc/inst/gen_axilite.gen_b2s_conv.axilite_b2s/SI_REG/aw.aw_pipe/axaddr_incr_reg[3]_i_2/CO[3]
                         net (fo=1, routed)           0.000     6.828    system_i/PS7/ps7_0_axi_periph/s00_couplers/auto_pc/inst/gen_axilite.gen_b2s_conv.axilite_b2s/SI_REG/aw.aw_pipe/axaddr_incr_reg[3]_i_2_n_0
    SLICE_X3Y39          CARRY4 (Prop_carry4_CI_O[3])
                                                      0.313     7.141 r  system_i/PS7/ps7_0_axi_periph/s00_couplers/auto_pc/inst/gen_axilite.gen_b2s_conv.axilite_b2s/SI_REG/aw.aw_pipe/axaddr_incr_reg[7]_i_2/O[3]
                         net (fo=1, routed)           0.735     7.876    system_i/PS7/ps7_0_axi_periph/s00_couplers/auto_pc/inst/gen_axilite.gen_b2s_conv.axilite_b2s/WR.aw_channel_0/cmd_translator_0/incr_cmd_0/axaddr_incr[7]
    SLICE_X1Y38          LUT3 (Prop_lut3_I0_O)        0.331     8.207 r  system_i/PS7/ps7_0_axi_periph/s00_couplers/auto_pc/inst/gen_axilite.gen_b2s_conv.axilite_b2s/WR.aw_channel_0/cmd_translator_0/incr_cmd_0/axaddr_incr[7]_i_1/O
                         net (fo=1, routed)           0.000     8.207    system_i/PS7/ps7_0_axi_periph/s00_couplers/auto_pc/inst/gen_axilite.gen_b2s_conv.axilite_b2s/WR.aw_channel_0/cmd_translator_0/incr_cmd_0/p_1_in[7]
    SLICE_X1Y38          FDRE                                         r  system_i/PS7/ps7_0_axi_periph/s00_couplers/auto_pc/inst/gen_axilite.gen_b2s_conv.axilite_b2s/WR.aw_channel_0/cmd_translator_0/incr_cmd_0/axaddr_incr_reg[7]/D
  -------------------------------------------------------------------    -------------------

                         (clock clk_fpga_0 rise edge)
                                                      8.000     8.000 r  
    PS7_X0Y0             PS7                          0.000     8.000 r  system_i/PS7/processing_system7_0/inst/PS7_i/FCLKCLK[0]
                         net (fo=1, routed)           1.101     9.101    system_i/PS7/processing_system7_0/inst/FCLK_CLK_unbuffered[0]
    BUFGCTRL_X0Y0        BUFG (Prop_bufg_I_O)         0.091     9.192 r  system_i/PS7/processing_system7_0/inst/buffer_fclk_clk_0.FCLK_CLK_0_BUFG/O
                         net (fo=1531, routed)        1.544    10.736    system_i/PS7/ps7_0_axi_periph/s00_couplers/auto_pc/inst/gen_axilite.gen_b2s_conv.axilite_b2s/WR.aw_channel_0/cmd_translator_0/incr_cmd_0/aclk
    SLICE_X1Y38          FDRE                                         r  system_i/PS7/ps7_0_axi_periph/s00_couplers/auto_pc/inst/gen_axilite.gen_b2s_conv.axilite_b2s/WR.aw_channel_0/cmd_translator_0/incr_cmd_0/axaddr_incr_reg[7]/C
                         clock pessimism              0.230    10.967    
                         clock uncertainty           -0.125    10.842    
    SLICE_X1Y38          FDRE (Setup_fdre_C_D)        0.075    10.917    system_i/PS7/ps7_0_axi_periph/s00_couplers/auto_pc/inst/gen_axilite.gen_b2s_conv.axilite_b2s/WR.aw_channel_0/cmd_translator_0/incr_cmd_0/axaddr_incr_reg[7]
  -------------------------------------------------------------------
                         required time                         10.917    
                         arrival time                          -8.207    
  -------------------------------------------------------------------
                         slack                                  2.710    

Slack (MET) :             2.720ns  (required time - arrival time)
  Source:                 system_i/monitor_freq_gpio/U0/AXI_LITE_IPIF_I/I_SLAVE_ATTACHMENT/bus2ip_addr_i_reg[3]/C
                            (rising edge-triggered cell FDRE clocked by clk_fpga_0  {rise@0.000ns fall@4.000ns period=8.000ns})
  Destination:            system_i/monitor_freq_gpio/U0/gpio_core_1/Dual.ALLOUT0_ND_G2.READ_REG2_GEN[8].reg3_reg[8]/D
                            (rising edge-triggered cell FDRE clocked by clk_fpga_0  {rise@0.000ns fall@4.000ns period=8.000ns})
  Path Group:             clk_fpga_0
  Path Type:              Setup (Max at Slow Process Corner)
  Requirement:            8.000ns  (clk_fpga_0 rise@8.000ns - clk_fpga_0 rise@0.000ns)
  Data Path Delay:        5.121ns  (logic 0.642ns (12.536%)  route 4.479ns (87.464%))
  Logic Levels:           1  (LUT6=1)
  Clock Path Skew:        -0.062ns (DCD - SCD + CPR)
    Destination Clock Delay (DCD):    2.694ns = ( 10.694 - 8.000 ) 
    Source Clock Delay      (SCD):    2.987ns
    Clock Pessimism Removal (CPR):    0.230ns
  Clock Uncertainty:      0.125ns  ((TSJ^2 + TIJ^2)^1/2 + DJ) / 2 + PE
    Total System Jitter     (TSJ):    0.071ns
    Total Input Jitter      (TIJ):    0.240ns
    Discrete Jitter          (DJ):    0.000ns
    Phase Error              (PE):    0.000ns

    Location             Delay type                Incr(ns)  Path(ns)    Netlist Resource(s)
  -------------------------------------------------------------------    -------------------
                         (clock clk_fpga_0 rise edge)
                                                      0.000     0.000 r  
    PS7_X0Y0             PS7                          0.000     0.000 r  system_i/PS7/processing_system7_0/inst/PS7_i/FCLKCLK[0]
                         net (fo=1, routed)           1.207     1.207    system_i/PS7/processing_system7_0/inst/FCLK_CLK_unbuffered[0]
    BUFGCTRL_X0Y0        BUFG (Prop_bufg_I_O)         0.101     1.308 r  system_i/PS7/processing_system7_0/inst/buffer_fclk_clk_0.FCLK_CLK_0_BUFG/O
                         net (fo=1531, routed)        1.679     2.987    system_i/monitor_freq_gpio/U0/AXI_LITE_IPIF_I/I_SLAVE_ATTACHMENT/s_axi_aclk
    SLICE_X10Y39         FDRE                                         r  system_i/monitor_freq_gpio/U0/AXI_LITE_IPIF_I/I_SLAVE_ATTACHMENT/bus2ip_addr_i_reg[3]/C
  -------------------------------------------------------------------    -------------------
    SLICE_X10Y39         FDRE (Prop_fdre_C_Q)         0.518     3.505 r  system_i/monitor_freq_gpio/U0/AXI_LITE_IPIF_I/I_SLAVE_ATTACHMENT/bus2ip_addr_i_reg[3]/Q
                         net (fo=103, routed)         4.479     7.984    system_i/monitor_freq_gpio/U0/gpio_core_1/Q[1]
    SLICE_X14Y48         LUT6 (Prop_lut6_I3_O)        0.124     8.108 r  system_i/monitor_freq_gpio/U0/gpio_core_1/Dual.ALLOUT0_ND_G2.READ_REG2_GEN[8].reg3[8]_i_1/O
                         net (fo=1, routed)           0.000     8.108    system_i/monitor_freq_gpio/U0/gpio_core_1/Dual.ALLOUT0_ND_G2.READ_REG2_GEN[8].reg3[8]_i_1_n_0
    SLICE_X14Y48         FDRE                                         r  system_i/monitor_freq_gpio/U0/gpio_core_1/Dual.ALLOUT0_ND_G2.READ_REG2_GEN[8].reg3_reg[8]/D
  -------------------------------------------------------------------    -------------------

                         (clock clk_fpga_0 rise edge)
                                                      8.000     8.000 r  
    PS7_X0Y0             PS7                          0.000     8.000 r  system_i/PS7/processing_system7_0/inst/PS7_i/FCLKCLK[0]
                         net (fo=1, routed)           1.101     9.101    system_i/PS7/processing_system7_0/inst/FCLK_CLK_unbuffered[0]
    BUFGCTRL_X0Y0        BUFG (Prop_bufg_I_O)         0.091     9.192 r  system_i/PS7/processing_system7_0/inst/buffer_fclk_clk_0.FCLK_CLK_0_BUFG/O
                         net (fo=1531, routed)        1.502    10.694    system_i/monitor_freq_gpio/U0/gpio_core_1/s_axi_aclk
    SLICE_X14Y48         FDRE                                         r  system_i/monitor_freq_gpio/U0/gpio_core_1/Dual.ALLOUT0_ND_G2.READ_REG2_GEN[8].reg3_reg[8]/C
                         clock pessimism              0.230    10.925    
                         clock uncertainty           -0.125    10.800    
    SLICE_X14Y48         FDRE (Setup_fdre_C_D)        0.029    10.829    system_i/monitor_freq_gpio/U0/gpio_core_1/Dual.ALLOUT0_ND_G2.READ_REG2_GEN[8].reg3_reg[8]
  -------------------------------------------------------------------
                         required time                         10.829    
                         arrival time                          -8.108    
  -------------------------------------------------------------------
                         slack                                  2.720    





Min Delay Paths
--------------------------------------------------------------------------------------
Slack (MET) :             0.045ns  (arrival time - required time)
  Source:                 system_i/PS7/ps7_0_axi_periph/s00_couplers/auto_pc/inst/gen_axilite.gen_b2s_conv.axilite_b2s/WR.aw_channel_0/s_awid_r_reg[7]/C
                            (rising edge-triggered cell FDRE clocked by clk_fpga_0  {rise@0.000ns fall@4.000ns period=8.000ns})
  Destination:            system_i/PS7/ps7_0_axi_periph/s00_couplers/auto_pc/inst/gen_axilite.gen_b2s_conv.axilite_b2s/WR.b_channel_0/bid_fifo_0/memory_reg[3][15]_srl4/D
                            (rising edge-triggered cell SRL16E clocked by clk_fpga_0  {rise@0.000ns fall@4.000ns period=8.000ns})
  Path Group:             clk_fpga_0
  Path Type:              Hold (Min at Fast Process Corner)
  Requirement:            0.000ns  (clk_fpga_0 rise@0.000ns - clk_fpga_0 rise@0.000ns)
  Data Path Delay:        0.244ns  (logic 0.141ns (57.770%)  route 0.103ns (42.230%))
  Logic Levels:           0  
  Clock Path Skew:        0.016ns (DCD - SCD - CPR)
    Destination Clock Delay (DCD):    1.223ns
    Source Clock Delay      (SCD):    0.925ns
    Clock Pessimism Removal (CPR):    0.282ns

    Location             Delay type                Incr(ns)  Path(ns)    Netlist Resource(s)
  -------------------------------------------------------------------    -------------------
                         (clock clk_fpga_0 rise edge)
                                                      0.000     0.000 r  
    PS7_X0Y0             PS7                          0.000     0.000 r  system_i/PS7/processing_system7_0/inst/PS7_i/FCLKCLK[0]
                         net (fo=1, routed)           0.315     0.315    system_i/PS7/processing_system7_0/inst/FCLK_CLK_unbuffered[0]
    BUFGCTRL_X0Y0        BUFG (Prop_bufg_I_O)         0.026     0.341 r  system_i/PS7/processing_system7_0/inst/buffer_fclk_clk_0.FCLK_CLK_0_BUFG/O
                         net (fo=1531, routed)        0.584     0.925    system_i/PS7/ps7_0_axi_periph/s00_couplers/auto_pc/inst/gen_axilite.gen_b2s_conv.axilite_b2s/WR.aw_channel_0/aclk
    SLICE_X2Y52          FDRE                                         r  system_i/PS7/ps7_0_axi_periph/s00_couplers/auto_pc/inst/gen_axilite.gen_b2s_conv.axilite_b2s/WR.aw_channel_0/s_awid_r_reg[7]/C
  -------------------------------------------------------------------    -------------------
    SLICE_X2Y52          FDRE (Prop_fdre_C_Q)         0.141     1.066 r  system_i/PS7/ps7_0_axi_periph/s00_couplers/auto_pc/inst/gen_axilite.gen_b2s_conv.axilite_b2s/WR.aw_channel_0/s_awid_r_reg[7]/Q
                         net (fo=1, routed)           0.103     1.169    system_i/PS7/ps7_0_axi_periph/s00_couplers/auto_pc/inst/gen_axilite.gen_b2s_conv.axilite_b2s/WR.b_channel_0/bid_fifo_0/in[11]
    SLICE_X4Y51          SRL16E                                       r  system_i/PS7/ps7_0_axi_periph/s00_couplers/auto_pc/inst/gen_axilite.gen_b2s_conv.axilite_b2s/WR.b_channel_0/bid_fifo_0/memory_reg[3][15]_srl4/D
  -------------------------------------------------------------------    -------------------

                         (clock clk_fpga_0 rise edge)
                                                      0.000     0.000 r  
    PS7_X0Y0             PS7                          0.000     0.000 r  system_i/PS7/processing_system7_0/inst/PS7_i/FCLKCLK[0]
                         net (fo=1, routed)           0.341     0.341    system_i/PS7/processing_system7_0/inst/FCLK_CLK_unbuffered[0]
    BUFGCTRL_X0Y0        BUFG (Prop_bufg_I_O)         0.029     0.370 r  system_i/PS7/processing_system7_0/inst/buffer_fclk_clk_0.FCLK_CLK_0_BUFG/O
                         net (fo=1531, routed)        0.853     1.223    system_i/PS7/ps7_0_axi_periph/s00_couplers/auto_pc/inst/gen_axilite.gen_b2s_conv.axilite_b2s/WR.b_channel_0/bid_fifo_0/aclk
    SLICE_X4Y51          SRL16E                                       r  system_i/PS7/ps7_0_axi_periph/s00_couplers/auto_pc/inst/gen_axilite.gen_b2s_conv.axilite_b2s/WR.b_channel_0/bid_fifo_0/memory_reg[3][15]_srl4/CLK
                         clock pessimism             -0.282     0.941    
    SLICE_X4Y51          SRL16E (Hold_srl16e_CLK_D)
                                                      0.183     1.124    system_i/PS7/ps7_0_axi_periph/s00_couplers/auto_pc/inst/gen_axilite.gen_b2s_conv.axilite_b2s/WR.b_channel_0/bid_fifo_0/memory_reg[3][15]_srl4
  -------------------------------------------------------------------
                         required time                         -1.124    
                         arrival time                           1.169    
  -------------------------------------------------------------------
                         slack                                  0.045    

Slack (MET) :             0.046ns  (arrival time - required time)
  Source:                 system_i/scaling_gpio/U0/ip2bus_data_i_D1_reg[6]/C
                            (rising edge-triggered cell FDRE clocked by clk_fpga_0  {rise@0.000ns fall@4.000ns period=8.000ns})
  Destination:            system_i/scaling_gpio/U0/AXI_LITE_IPIF_I/I_SLAVE_ATTACHMENT/s_axi_rdata_i_reg[25]/D
                            (rising edge-triggered cell FDRE clocked by clk_fpga_0  {rise@0.000ns fall@4.000ns period=8.000ns})
  Path Group:             clk_fpga_0
  Path Type:              Hold (Min at Fast Process Corner)
  Requirement:            0.000ns  (clk_fpga_0 rise@0.000ns - clk_fpga_0 rise@0.000ns)
  Data Path Delay:        0.364ns  (logic 0.164ns (45.103%)  route 0.200ns (54.897%))
  Logic Levels:           0  
  Clock Path Skew:        0.270ns (DCD - SCD - CPR)
    Destination Clock Delay (DCD):    1.205ns
    Source Clock Delay      (SCD):    0.906ns
    Clock Pessimism Removal (CPR):    0.029ns

    Location             Delay type                Incr(ns)  Path(ns)    Netlist Resource(s)
  -------------------------------------------------------------------    -------------------
                         (clock clk_fpga_0 rise edge)
                                                      0.000     0.000 r  
    PS7_X0Y0             PS7                          0.000     0.000 r  system_i/PS7/processing_system7_0/inst/PS7_i/FCLKCLK[0]
                         net (fo=1, routed)           0.315     0.315    system_i/PS7/processing_system7_0/inst/FCLK_CLK_unbuffered[0]
    BUFGCTRL_X0Y0        BUFG (Prop_bufg_I_O)         0.026     0.341 r  system_i/PS7/processing_system7_0/inst/buffer_fclk_clk_0.FCLK_CLK_0_BUFG/O
                         net (fo=1531, routed)        0.565     0.906    system_i/scaling_gpio/U0/s_axi_aclk
    SLICE_X6Y50          FDRE                                         r  system_i/scaling_gpio/U0/ip2bus_data_i_D1_reg[6]/C
  -------------------------------------------------------------------    -------------------
    SLICE_X6Y50          FDRE (Prop_fdre_C_Q)         0.164     1.070 r  system_i/scaling_gpio/U0/ip2bus_data_i_D1_reg[6]/Q
                         net (fo=1, routed)           0.200     1.269    system_i/scaling_gpio/U0/AXI_LITE_IPIF_I/I_SLAVE_ATTACHMENT/Q[25]
    SLICE_X7Y49          FDRE                                         r  system_i/scaling_gpio/U0/AXI_LITE_IPIF_I/I_SLAVE_ATTACHMENT/s_axi_rdata_i_reg[25]/D
  -------------------------------------------------------------------    -------------------

                         (clock clk_fpga_0 rise edge)
                                                      0.000     0.000 r  
    PS7_X0Y0             PS7                          0.000     0.000 r  system_i/PS7/processing_system7_0/inst/PS7_i/FCLKCLK[0]
                         net (fo=1, routed)           0.341     0.341    system_i/PS7/processing_system7_0/inst/FCLK_CLK_unbuffered[0]
    BUFGCTRL_X0Y0        BUFG (Prop_bufg_I_O)         0.029     0.370 r  system_i/PS7/processing_system7_0/inst/buffer_fclk_clk_0.FCLK_CLK_0_BUFG/O
                         net (fo=1531, routed)        0.835     1.205    system_i/scaling_gpio/U0/AXI_LITE_IPIF_I/I_SLAVE_ATTACHMENT/s_axi_aclk
    SLICE_X7Y49          FDRE                                         r  system_i/scaling_gpio/U0/AXI_LITE_IPIF_I/I_SLAVE_ATTACHMENT/s_axi_rdata_i_reg[25]/C
                         clock pessimism             -0.029     1.176    
    SLICE_X7Y49          FDRE (Hold_fdre_C_D)         0.047     1.223    system_i/scaling_gpio/U0/AXI_LITE_IPIF_I/I_SLAVE_ATTACHMENT/s_axi_rdata_i_reg[25]
  -------------------------------------------------------------------
                         required time                         -1.223    
                         arrival time                           1.269    
  -------------------------------------------------------------------
                         slack                                  0.046    

Slack (MET) :             0.066ns  (arrival time - required time)
  Source:                 system_i/monitor_freq_gpio/U0/gpio_core_1/Dual.gpio_OE_reg[7]/C
                            (rising edge-triggered cell FDSE clocked by clk_fpga_0  {rise@0.000ns fall@4.000ns period=8.000ns})
  Destination:            system_i/monitor_freq_gpio/U0/gpio_core_1/Dual.ALLIN0_ND_G0.READ_REG_GEN[7].reg1_reg[7]/D
                            (rising edge-triggered cell FDRE clocked by clk_fpga_0  {rise@0.000ns fall@4.000ns period=8.000ns})
  Path Group:             clk_fpga_0
  Path Type:              Hold (Min at Fast Process Corner)
  Requirement:            0.000ns  (clk_fpga_0 rise@0.000ns - clk_fpga_0 rise@0.000ns)
  Data Path Delay:        0.428ns  (logic 0.227ns (53.004%)  route 0.201ns (46.996%))
  Logic Levels:           1  (LUT5=1)
  Clock Path Skew:        0.270ns (DCD - SCD - CPR)
    Destination Clock Delay (DCD):    1.205ns
    Source Clock Delay      (SCD):    0.906ns
    Clock Pessimism Removal (CPR):    0.029ns

    Location             Delay type                Incr(ns)  Path(ns)    Netlist Resource(s)
  -------------------------------------------------------------------    -------------------
                         (clock clk_fpga_0 rise edge)
                                                      0.000     0.000 r  
    PS7_X0Y0             PS7                          0.000     0.000 r  system_i/PS7/processing_system7_0/inst/PS7_i/FCLKCLK[0]
                         net (fo=1, routed)           0.315     0.315    system_i/PS7/processing_system7_0/inst/FCLK_CLK_unbuffered[0]
    BUFGCTRL_X0Y0        BUFG (Prop_bufg_I_O)         0.026     0.341 r  system_i/PS7/processing_system7_0/inst/buffer_fclk_clk_0.FCLK_CLK_0_BUFG/O
                         net (fo=1531, routed)        0.565     0.906    system_i/monitor_freq_gpio/U0/gpio_core_1/s_axi_aclk
    SLICE_X9Y50          FDSE                                         r  system_i/monitor_freq_gpio/U0/gpio_core_1/Dual.gpio_OE_reg[7]/C
  -------------------------------------------------------------------    -------------------
    SLICE_X9Y50          FDSE (Prop_fdse_C_Q)         0.128     1.034 r  system_i/monitor_freq_gpio/U0/gpio_core_1/Dual.gpio_OE_reg[7]/Q
                         net (fo=1, routed)           0.201     1.235    system_i/monitor_freq_gpio/U0/AXI_LITE_IPIF_I/I_SLAVE_ATTACHMENT/gpio_io_t[24]
    SLICE_X9Y48          LUT5 (Prop_lut5_I4_O)        0.099     1.334 r  system_i/monitor_freq_gpio/U0/AXI_LITE_IPIF_I/I_SLAVE_ATTACHMENT/Dual.ALLIN0_ND_G0.READ_REG_GEN[7].reg1[7]_i_1/O
                         net (fo=1, routed)           0.000     1.334    system_i/monitor_freq_gpio/U0/gpio_core_1/Dual.ALLIN0_ND_G0.READ_REG_GEN[7].reg1_reg[7]_0
    SLICE_X9Y48          FDRE                                         r  system_i/monitor_freq_gpio/U0/gpio_core_1/Dual.ALLIN0_ND_G0.READ_REG_GEN[7].reg1_reg[7]/D
  -------------------------------------------------------------------    -------------------

                         (clock clk_fpga_0 rise edge)
                                                      0.000     0.000 r  
    PS7_X0Y0             PS7                          0.000     0.000 r  system_i/PS7/processing_system7_0/inst/PS7_i/FCLKCLK[0]
                         net (fo=1, routed)           0.341     0.341    system_i/PS7/processing_system7_0/inst/FCLK_CLK_unbuffered[0]
    BUFGCTRL_X0Y0        BUFG (Prop_bufg_I_O)         0.029     0.370 r  system_i/PS7/processing_system7_0/inst/buffer_fclk_clk_0.FCLK_CLK_0_BUFG/O
                         net (fo=1531, routed)        0.835     1.205    system_i/monitor_freq_gpio/U0/gpio_core_1/s_axi_aclk
    SLICE_X9Y48          FDRE                                         r  system_i/monitor_freq_gpio/U0/gpio_core_1/Dual.ALLIN0_ND_G0.READ_REG_GEN[7].reg1_reg[7]/C
                         clock pessimism             -0.029     1.176    
    SLICE_X9Y48          FDRE (Hold_fdre_C_D)         0.092     1.268    system_i/monitor_freq_gpio/U0/gpio_core_1/Dual.ALLIN0_ND_G0.READ_REG_GEN[7].reg1_reg[7]
  -------------------------------------------------------------------
                         required time                         -1.268    
                         arrival time                           1.334    
  -------------------------------------------------------------------
                         slack                                  0.066    

Slack (MET) :             0.074ns  (arrival time - required time)
  Source:                 system_i/PS7/ps7_0_axi_periph/s00_couplers/auto_pc/inst/gen_axilite.gen_b2s_conv.axilite_b2s/SI_REG/b.b_pipe/m_payload_i_reg[12]/C
                            (rising edge-triggered cell FDRE clocked by clk_fpga_0  {rise@0.000ns fall@4.000ns period=8.000ns})
  Destination:            system_i/PS7/processing_system7_0/inst/PS7_i/MAXIGP0BID[10]
                            (rising edge-triggered cell PS7 clocked by clk_fpga_0  {rise@0.000ns fall@4.000ns period=8.000ns})
  Path Group:             clk_fpga_0
  Path Type:              Hold (Min at Fast Process Corner)
  Requirement:            0.000ns  (clk_fpga_0 rise@0.000ns - clk_fpga_0 rise@0.000ns)
  Data Path Delay:        0.383ns  (logic 0.141ns (36.779%)  route 0.242ns (63.221%))
  Logic Levels:           0  
  Clock Path Skew:        0.309ns (DCD - SCD - CPR)
    Destination Clock Delay (DCD):    1.263ns
    Source Clock Delay      (SCD):    0.925ns
    Clock Pessimism Removal (CPR):    0.029ns

    Location             Delay type                Incr(ns)  Path(ns)    Netlist Resource(s)
  -------------------------------------------------------------------    -------------------
                         (clock clk_fpga_0 rise edge)
                                                      0.000     0.000 r  
    PS7_X0Y0             PS7                          0.000     0.000 r  system_i/PS7/processing_system7_0/inst/PS7_i/FCLKCLK[0]
                         net (fo=1, routed)           0.315     0.315    system_i/PS7/processing_system7_0/inst/FCLK_CLK_unbuffered[0]
    BUFGCTRL_X0Y0        BUFG (Prop_bufg_I_O)         0.026     0.341 r  system_i/PS7/processing_system7_0/inst/buffer_fclk_clk_0.FCLK_CLK_0_BUFG/O
                         net (fo=1531, routed)        0.584     0.925    system_i/PS7/ps7_0_axi_periph/s00_couplers/auto_pc/inst/gen_axilite.gen_b2s_conv.axilite_b2s/SI_REG/b.b_pipe/aclk
    SLICE_X2Y51          FDRE                                         r  system_i/PS7/ps7_0_axi_periph/s00_couplers/auto_pc/inst/gen_axilite.gen_b2s_conv.axilite_b2s/SI_REG/b.b_pipe/m_payload_i_reg[12]/C
  -------------------------------------------------------------------    -------------------
    SLICE_X2Y51          FDRE (Prop_fdre_C_Q)         0.141     1.066 r  system_i/PS7/ps7_0_axi_periph/s00_couplers/auto_pc/inst/gen_axilite.gen_b2s_conv.axilite_b2s/SI_REG/b.b_pipe/m_payload_i_reg[12]/Q
                         net (fo=1, routed)           0.242     1.308    system_i/PS7/processing_system7_0/inst/M_AXI_GP0_BID[10]
    PS7_X0Y0             PS7                                          r  system_i/PS7/processing_system7_0/inst/PS7_i/MAXIGP0BID[10]
  -------------------------------------------------------------------    -------------------

                         (clock clk_fpga_0 rise edge)
                                                      0.000     0.000 r  
    PS7_X0Y0             PS7                          0.000     0.000 r  system_i/PS7/processing_system7_0/inst/PS7_i/FCLKCLK[0]
                         net (fo=1, routed)           0.341     0.341    system_i/PS7/processing_system7_0/inst/FCLK_CLK_unbuffered[0]
    BUFGCTRL_X0Y0        BUFG (Prop_bufg_I_O)         0.029     0.370 r  system_i/PS7/processing_system7_0/inst/buffer_fclk_clk_0.FCLK_CLK_0_BUFG/O
                         net (fo=1531, routed)        0.893     1.263    system_i/PS7/processing_system7_0/inst/M_AXI_GP0_ACLK
    PS7_X0Y0             PS7                                          r  system_i/PS7/processing_system7_0/inst/PS7_i/MAXIGP0ACLK
                         clock pessimism             -0.029     1.234    
    PS7_X0Y0             PS7 (Hold_ps7_MAXIGP0ACLK_MAXIGP0BID[10])
                                                      0.000     1.234    system_i/PS7/processing_system7_0/inst/PS7_i
  -------------------------------------------------------------------
                         required time                         -1.234    
                         arrival time                           1.308    
  -------------------------------------------------------------------
                         slack                                  0.074    

Slack (MET) :             0.083ns  (arrival time - required time)
  Source:                 system_i/PS7/ps7_0_axi_periph/s00_couplers/auto_pc/inst/gen_axilite.gen_b2s_conv.axilite_b2s/SI_REG/b.b_pipe/m_payload_i_reg[13]/C
                            (rising edge-triggered cell FDRE clocked by clk_fpga_0  {rise@0.000ns fall@4.000ns period=8.000ns})
  Destination:            system_i/PS7/processing_system7_0/inst/PS7_i/MAXIGP0BID[11]
                            (rising edge-triggered cell PS7 clocked by clk_fpga_0  {rise@0.000ns fall@4.000ns period=8.000ns})
  Path Group:             clk_fpga_0
  Path Type:              Hold (Min at Fast Process Corner)
  Requirement:            0.000ns  (clk_fpga_0 rise@0.000ns - clk_fpga_0 rise@0.000ns)
  Data Path Delay:        0.339ns  (logic 0.128ns (37.809%)  route 0.211ns (62.191%))
  Logic Levels:           0  
  Clock Path Skew:        0.309ns (DCD - SCD - CPR)
    Destination Clock Delay (DCD):    1.263ns
    Source Clock Delay      (SCD):    0.925ns
    Clock Pessimism Removal (CPR):    0.029ns

    Location             Delay type                Incr(ns)  Path(ns)    Netlist Resource(s)
  -------------------------------------------------------------------    -------------------
                         (clock clk_fpga_0 rise edge)
                                                      0.000     0.000 r  
    PS7_X0Y0             PS7                          0.000     0.000 r  system_i/PS7/processing_system7_0/inst/PS7_i/FCLKCLK[0]
                         net (fo=1, routed)           0.315     0.315    system_i/PS7/processing_system7_0/inst/FCLK_CLK_unbuffered[0]
    BUFGCTRL_X0Y0        BUFG (Prop_bufg_I_O)         0.026     0.341 r  system_i/PS7/processing_system7_0/inst/buffer_fclk_clk_0.FCLK_CLK_0_BUFG/O
                         net (fo=1531, routed)        0.584     0.925    system_i/PS7/ps7_0_axi_periph/s00_couplers/auto_pc/inst/gen_axilite.gen_b2s_conv.axilite_b2s/SI_REG/b.b_pipe/aclk
    SLICE_X2Y51          FDRE                                         r  system_i/PS7/ps7_0_axi_periph/s00_couplers/auto_pc/inst/gen_axilite.gen_b2s_conv.axilite_b2s/SI_REG/b.b_pipe/m_payload_i_reg[13]/C
  -------------------------------------------------------------------    -------------------
    SLICE_X2Y51          FDRE (Prop_fdre_C_Q)         0.128     1.053 r  system_i/PS7/ps7_0_axi_periph/s00_couplers/auto_pc/inst/gen_axilite.gen_b2s_conv.axilite_b2s/SI_REG/b.b_pipe/m_payload_i_reg[13]/Q
                         net (fo=1, routed)           0.211     1.263    system_i/PS7/processing_system7_0/inst/M_AXI_GP0_BID[11]
    PS7_X0Y0             PS7                                          r  system_i/PS7/processing_system7_0/inst/PS7_i/MAXIGP0BID[11]
  -------------------------------------------------------------------    -------------------

                         (clock clk_fpga_0 rise edge)
                                                      0.000     0.000 r  
    PS7_X0Y0             PS7                          0.000     0.000 r  system_i/PS7/processing_system7_0/inst/PS7_i/FCLKCLK[0]
                         net (fo=1, routed)           0.341     0.341    system_i/PS7/processing_system7_0/inst/FCLK_CLK_unbuffered[0]
    BUFGCTRL_X0Y0        BUFG (Prop_bufg_I_O)         0.029     0.370 r  system_i/PS7/processing_system7_0/inst/buffer_fclk_clk_0.FCLK_CLK_0_BUFG/O
                         net (fo=1531, routed)        0.893     1.263    system_i/PS7/processing_system7_0/inst/M_AXI_GP0_ACLK
    PS7_X0Y0             PS7                                          r  system_i/PS7/processing_system7_0/inst/PS7_i/MAXIGP0ACLK
                         clock pessimism             -0.029     1.234    
    PS7_X0Y0             PS7 (Hold_ps7_MAXIGP0ACLK_MAXIGP0BID[11])
                                                     -0.054     1.180    system_i/PS7/processing_system7_0/inst/PS7_i
  -------------------------------------------------------------------
                         required time                         -1.180    
                         arrival time                           1.263    
  -------------------------------------------------------------------
                         slack                                  0.083    

Slack (MET) :             0.089ns  (arrival time - required time)
  Source:                 system_i/PS7/ps7_0_axi_periph/s00_couplers/auto_pc/inst/gen_axilite.gen_b2s_conv.axilite_b2s/RD.r_channel_0/r_arid_r_reg[7]/C
                            (rising edge-triggered cell FDRE clocked by clk_fpga_0  {rise@0.000ns fall@4.000ns period=8.000ns})
  Destination:            system_i/PS7/ps7_0_axi_periph/s00_couplers/auto_pc/inst/gen_axilite.gen_b2s_conv.axilite_b2s/RD.r_channel_0/transaction_fifo_0/memory_reg[31][8]_srl32/D
                            (rising edge-triggered cell SRLC32E clocked by clk_fpga_0  {rise@0.000ns fall@4.000ns period=8.000ns})
  Path Group:             clk_fpga_0
  Path Type:              Hold (Min at Fast Process Corner)
  Requirement:            0.000ns  (clk_fpga_0 rise@0.000ns - clk_fpga_0 rise@0.000ns)
  Data Path Delay:        0.285ns  (logic 0.141ns (49.450%)  route 0.144ns (50.550%))
  Logic Levels:           0  
  Clock Path Skew:        0.013ns (DCD - SCD - CPR)
    Destination Clock Delay (DCD):    1.220ns
    Source Clock Delay      (SCD):    0.923ns
    Clock Pessimism Removal (CPR):    0.284ns

    Location             Delay type                Incr(ns)  Path(ns)    Netlist Resource(s)
  -------------------------------------------------------------------    -------------------
                         (clock clk_fpga_0 rise edge)
                                                      0.000     0.000 r  
    PS7_X0Y0             PS7                          0.000     0.000 r  system_i/PS7/processing_system7_0/inst/PS7_i/FCLKCLK[0]
                         net (fo=1, routed)           0.315     0.315    system_i/PS7/processing_system7_0/inst/FCLK_CLK_unbuffered[0]
    BUFGCTRL_X0Y0        BUFG (Prop_bufg_I_O)         0.026     0.341 r  system_i/PS7/processing_system7_0/inst/buffer_fclk_clk_0.FCLK_CLK_0_BUFG/O
                         net (fo=1531, routed)        0.582     0.923    system_i/PS7/ps7_0_axi_periph/s00_couplers/auto_pc/inst/gen_axilite.gen_b2s_conv.axilite_b2s/RD.r_channel_0/aclk
    SLICE_X1Y41          FDRE                                         r  system_i/PS7/ps7_0_axi_periph/s00_couplers/auto_pc/inst/gen_axilite.gen_b2s_conv.axilite_b2s/RD.r_channel_0/r_arid_r_reg[7]/C
  -------------------------------------------------------------------    -------------------
    SLICE_X1Y41          FDRE (Prop_fdre_C_Q)         0.141     1.064 r  system_i/PS7/ps7_0_axi_periph/s00_couplers/auto_pc/inst/gen_axilite.gen_b2s_conv.axilite_b2s/RD.r_channel_0/r_arid_r_reg[7]/Q
                         net (fo=1, routed)           0.144     1.208    system_i/PS7/ps7_0_axi_periph/s00_couplers/auto_pc/inst/gen_axilite.gen_b2s_conv.axilite_b2s/RD.r_channel_0/transaction_fifo_0/in[8]
    SLICE_X0Y41          SRLC32E                                      r  system_i/PS7/ps7_0_axi_periph/s00_couplers/auto_pc/inst/gen_axilite.gen_b2s_conv.axilite_b2s/RD.r_channel_0/transaction_fifo_0/memory_reg[31][8]_srl32/D
  -------------------------------------------------------------------    -------------------

                         (clock clk_fpga_0 rise edge)
                                                      0.000     0.000 r  
    PS7_X0Y0             PS7                          0.000     0.000 r  system_i/PS7/processing_system7_0/inst/PS7_i/FCLKCLK[0]
                         net (fo=1, routed)           0.341     0.341    system_i/PS7/processing_system7_0/inst/FCLK_CLK_unbuffered[0]
    BUFGCTRL_X0Y0        BUFG (Prop_bufg_I_O)         0.029     0.370 r  system_i/PS7/processing_system7_0/inst/buffer_fclk_clk_0.FCLK_CLK_0_BUFG/O
                         net (fo=1531, routed)        0.850     1.220    system_i/PS7/ps7_0_axi_periph/s00_couplers/auto_pc/inst/gen_axilite.gen_b2s_conv.axilite_b2s/RD.r_channel_0/transaction_fifo_0/aclk
    SLICE_X0Y41          SRLC32E                                      r  system_i/PS7/ps7_0_axi_periph/s00_couplers/auto_pc/inst/gen_axilite.gen_b2s_conv.axilite_b2s/RD.r_channel_0/transaction_fifo_0/memory_reg[31][8]_srl32/CLK
                         clock pessimism             -0.284     0.936    
    SLICE_X0Y41          SRLC32E (Hold_srlc32e_CLK_D)
                                                      0.183     1.119    system_i/PS7/ps7_0_axi_periph/s00_couplers/auto_pc/inst/gen_axilite.gen_b2s_conv.axilite_b2s/RD.r_channel_0/transaction_fifo_0/memory_reg[31][8]_srl32
  -------------------------------------------------------------------
                         required time                         -1.119    
                         arrival time                           1.208    
  -------------------------------------------------------------------
                         slack                                  0.089    

Slack (MET) :             0.090ns  (arrival time - required time)
  Source:                 system_i/PS7/ps7_0_axi_periph/s00_couplers/auto_pc/inst/gen_axilite.gen_b2s_conv.axilite_b2s/SI_REG/b.b_pipe/m_payload_i_reg[0]/C
                            (rising edge-triggered cell FDRE clocked by clk_fpga_0  {rise@0.000ns fall@4.000ns period=8.000ns})
  Destination:            system_i/PS7/processing_system7_0/inst/PS7_i/MAXIGP0BRESP[0]
                            (rising edge-triggered cell PS7 clocked by clk_fpga_0  {rise@0.000ns fall@4.000ns period=8.000ns})
  Path Group:             clk_fpga_0
  Path Type:              Hold (Min at Fast Process Corner)
  Requirement:            0.000ns  (clk_fpga_0 rise@0.000ns - clk_fpga_0 rise@0.000ns)
  Data Path Delay:        0.399ns  (logic 0.141ns (35.307%)  route 0.258ns (64.693%))
  Logic Levels:           0  
  Clock Path Skew:        0.309ns (DCD - SCD - CPR)
    Destination Clock Delay (DCD):    1.263ns
    Source Clock Delay      (SCD):    0.925ns
    Clock Pessimism Removal (CPR):    0.029ns

    Location             Delay type                Incr(ns)  Path(ns)    Netlist Resource(s)
  -------------------------------------------------------------------    -------------------
                         (clock clk_fpga_0 rise edge)
                                                      0.000     0.000 r  
    PS7_X0Y0             PS7                          0.000     0.000 r  system_i/PS7/processing_system7_0/inst/PS7_i/FCLKCLK[0]
                         net (fo=1, routed)           0.315     0.315    system_i/PS7/processing_system7_0/inst/FCLK_CLK_unbuffered[0]
    BUFGCTRL_X0Y0        BUFG (Prop_bufg_I_O)         0.026     0.341 r  system_i/PS7/processing_system7_0/inst/buffer_fclk_clk_0.FCLK_CLK_0_BUFG/O
                         net (fo=1531, routed)        0.584     0.925    system_i/PS7/ps7_0_axi_periph/s00_couplers/auto_pc/inst/gen_axilite.gen_b2s_conv.axilite_b2s/SI_REG/b.b_pipe/aclk
    SLICE_X3Y50          FDRE                                         r  system_i/PS7/ps7_0_axi_periph/s00_couplers/auto_pc/inst/gen_axilite.gen_b2s_conv.axilite_b2s/SI_REG/b.b_pipe/m_payload_i_reg[0]/C
  -------------------------------------------------------------------    -------------------
    SLICE_X3Y50          FDRE (Prop_fdre_C_Q)         0.141     1.066 r  system_i/PS7/ps7_0_axi_periph/s00_couplers/auto_pc/inst/gen_axilite.gen_b2s_conv.axilite_b2s/SI_REG/b.b_pipe/m_payload_i_reg[0]/Q
                         net (fo=1, routed)           0.258     1.324    system_i/PS7/processing_system7_0/inst/M_AXI_GP0_BRESP[0]
    PS7_X0Y0             PS7                                          r  system_i/PS7/processing_system7_0/inst/PS7_i/MAXIGP0BRESP[0]
  -------------------------------------------------------------------    -------------------

                         (clock clk_fpga_0 rise edge)
                                                      0.000     0.000 r  
    PS7_X0Y0             PS7                          0.000     0.000 r  system_i/PS7/processing_system7_0/inst/PS7_i/FCLKCLK[0]
                         net (fo=1, routed)           0.341     0.341    system_i/PS7/processing_system7_0/inst/FCLK_CLK_unbuffered[0]
    BUFGCTRL_X0Y0        BUFG (Prop_bufg_I_O)         0.029     0.370 r  system_i/PS7/processing_system7_0/inst/buffer_fclk_clk_0.FCLK_CLK_0_BUFG/O
                         net (fo=1531, routed)        0.893     1.263    system_i/PS7/processing_system7_0/inst/M_AXI_GP0_ACLK
    PS7_X0Y0             PS7                                          r  system_i/PS7/processing_system7_0/inst/PS7_i/MAXIGP0ACLK
                         clock pessimism             -0.029     1.234    
    PS7_X0Y0             PS7 (Hold_ps7_MAXIGP0ACLK_MAXIGP0BRESP[0])
                                                      0.000     1.234    system_i/PS7/processing_system7_0/inst/PS7_i
  -------------------------------------------------------------------
                         required time                         -1.234    
                         arrival time                           1.324    
  -------------------------------------------------------------------
                         slack                                  0.090    

Slack (MET) :             0.090ns  (arrival time - required time)
  Source:                 system_i/PS7/ps7_0_axi_periph/s00_couplers/auto_pc/inst/gen_axilite.gen_b2s_conv.axilite_b2s/SI_REG/b.b_pipe/m_payload_i_reg[3]/C
                            (rising edge-triggered cell FDRE clocked by clk_fpga_0  {rise@0.000ns fall@4.000ns period=8.000ns})
  Destination:            system_i/PS7/processing_system7_0/inst/PS7_i/MAXIGP0BID[1]
                            (rising edge-triggered cell PS7 clocked by clk_fpga_0  {rise@0.000ns fall@4.000ns period=8.000ns})
  Path Group:             clk_fpga_0
  Path Type:              Hold (Min at Fast Process Corner)
  Requirement:            0.000ns  (clk_fpga_0 rise@0.000ns - clk_fpga_0 rise@0.000ns)
  Data Path Delay:        0.347ns  (logic 0.128ns (36.935%)  route 0.219ns (63.065%))
  Logic Levels:           0  
  Clock Path Skew:        0.309ns (DCD - SCD - CPR)
    Destination Clock Delay (DCD):    1.263ns
    Source Clock Delay      (SCD):    0.925ns
    Clock Pessimism Removal (CPR):    0.029ns

    Location             Delay type                Incr(ns)  Path(ns)    Netlist Resource(s)
  -------------------------------------------------------------------    -------------------
                         (clock clk_fpga_0 rise edge)
                                                      0.000     0.000 r  
    PS7_X0Y0             PS7                          0.000     0.000 r  system_i/PS7/processing_system7_0/inst/PS7_i/FCLKCLK[0]
                         net (fo=1, routed)           0.315     0.315    system_i/PS7/processing_system7_0/inst/FCLK_CLK_unbuffered[0]
    BUFGCTRL_X0Y0        BUFG (Prop_bufg_I_O)         0.026     0.341 r  system_i/PS7/processing_system7_0/inst/buffer_fclk_clk_0.FCLK_CLK_0_BUFG/O
                         net (fo=1531, routed)        0.584     0.925    system_i/PS7/ps7_0_axi_periph/s00_couplers/auto_pc/inst/gen_axilite.gen_b2s_conv.axilite_b2s/SI_REG/b.b_pipe/aclk
    SLICE_X3Y50          FDRE                                         r  system_i/PS7/ps7_0_axi_periph/s00_couplers/auto_pc/inst/gen_axilite.gen_b2s_conv.axilite_b2s/SI_REG/b.b_pipe/m_payload_i_reg[3]/C
  -------------------------------------------------------------------    -------------------
    SLICE_X3Y50          FDRE (Prop_fdre_C_Q)         0.128     1.053 r  system_i/PS7/ps7_0_axi_periph/s00_couplers/auto_pc/inst/gen_axilite.gen_b2s_conv.axilite_b2s/SI_REG/b.b_pipe/m_payload_i_reg[3]/Q
                         net (fo=1, routed)           0.219     1.271    system_i/PS7/processing_system7_0/inst/M_AXI_GP0_BID[1]
    PS7_X0Y0             PS7                                          r  system_i/PS7/processing_system7_0/inst/PS7_i/MAXIGP0BID[1]
  -------------------------------------------------------------------    -------------------

                         (clock clk_fpga_0 rise edge)
                                                      0.000     0.000 r  
    PS7_X0Y0             PS7                          0.000     0.000 r  system_i/PS7/processing_system7_0/inst/PS7_i/FCLKCLK[0]
                         net (fo=1, routed)           0.341     0.341    system_i/PS7/processing_system7_0/inst/FCLK_CLK_unbuffered[0]
    BUFGCTRL_X0Y0        BUFG (Prop_bufg_I_O)         0.029     0.370 r  system_i/PS7/processing_system7_0/inst/buffer_fclk_clk_0.FCLK_CLK_0_BUFG/O
                         net (fo=1531, routed)        0.893     1.263    system_i/PS7/processing_system7_0/inst/M_AXI_GP0_ACLK
    PS7_X0Y0             PS7                                          r  system_i/PS7/processing_system7_0/inst/PS7_i/MAXIGP0ACLK
                         clock pessimism             -0.029     1.234    
    PS7_X0Y0             PS7 (Hold_ps7_MAXIGP0ACLK_MAXIGP0BID[1])
                                                     -0.053     1.181    system_i/PS7/processing_system7_0/inst/PS7_i
  -------------------------------------------------------------------
                         required time                         -1.181    
                         arrival time                           1.271    
  -------------------------------------------------------------------
                         slack                                  0.090    

Slack (MET) :             0.091ns  (arrival time - required time)
  Source:                 system_i/PS7/ps7_0_axi_periph/xbar/inst/gen_sasd.crossbar_sasd_0/reg_slice_r/m_payload_i_reg[22]/C
                            (rising edge-triggered cell FDRE clocked by clk_fpga_0  {rise@0.000ns fall@4.000ns period=8.000ns})
  Destination:            system_i/PS7/ps7_0_axi_periph/s00_couplers/auto_pc/inst/gen_axilite.gen_b2s_conv.axilite_b2s/RD.r_channel_0/rd_data_fifo_0/memory_reg[31][19]_srl32/D
                            (rising edge-triggered cell SRLC32E clocked by clk_fpga_0  {rise@0.000ns fall@4.000ns period=8.000ns})
  Path Group:             clk_fpga_0
  Path Type:              Hold (Min at Fast Process Corner)
  Requirement:            0.000ns  (clk_fpga_0 rise@0.000ns - clk_fpga_0 rise@0.000ns)
  Data Path Delay:        0.309ns  (logic 0.141ns (45.621%)  route 0.168ns (54.378%))
  Logic Levels:           0  
  Clock Path Skew:        0.035ns (DCD - SCD - CPR)
    Destination Clock Delay (DCD):    1.204ns
    Source Clock Delay      (SCD):    0.907ns
    Clock Pessimism Removal (CPR):    0.262ns

    Location             Delay type                Incr(ns)  Path(ns)    Netlist Resource(s)
  -------------------------------------------------------------------    -------------------
                         (clock clk_fpga_0 rise edge)
                                                      0.000     0.000 r  
    PS7_X0Y0             PS7                          0.000     0.000 r  system_i/PS7/processing_system7_0/inst/PS7_i/FCLKCLK[0]
                         net (fo=1, routed)           0.315     0.315    system_i/PS7/processing_system7_0/inst/FCLK_CLK_unbuffered[0]
    BUFGCTRL_X0Y0        BUFG (Prop_bufg_I_O)         0.026     0.341 r  system_i/PS7/processing_system7_0/inst/buffer_fclk_clk_0.FCLK_CLK_0_BUFG/O
                         net (fo=1531, routed)        0.566     0.907    system_i/PS7/ps7_0_axi_periph/xbar/inst/gen_sasd.crossbar_sasd_0/reg_slice_r/aclk
    SLICE_X7Y45          FDRE                                         r  system_i/PS7/ps7_0_axi_periph/xbar/inst/gen_sasd.crossbar_sasd_0/reg_slice_r/m_payload_i_reg[22]/C
  -------------------------------------------------------------------    -------------------
    SLICE_X7Y45          FDRE (Prop_fdre_C_Q)         0.141     1.048 r  system_i/PS7/ps7_0_axi_periph/xbar/inst/gen_sasd.crossbar_sasd_0/reg_slice_r/m_payload_i_reg[22]/Q
                         net (fo=1, routed)           0.168     1.216    system_i/PS7/ps7_0_axi_periph/s00_couplers/auto_pc/inst/gen_axilite.gen_b2s_conv.axilite_b2s/RD.r_channel_0/rd_data_fifo_0/in[19]
    SLICE_X8Y43          SRLC32E                                      r  system_i/PS7/ps7_0_axi_periph/s00_couplers/auto_pc/inst/gen_axilite.gen_b2s_conv.axilite_b2s/RD.r_channel_0/rd_data_fifo_0/memory_reg[31][19]_srl32/D
  -------------------------------------------------------------------    -------------------

                         (clock clk_fpga_0 rise edge)
                                                      0.000     0.000 r  
    PS7_X0Y0             PS7                          0.000     0.000 r  system_i/PS7/processing_system7_0/inst/PS7_i/FCLKCLK[0]
                         net (fo=1, routed)           0.341     0.341    system_i/PS7/processing_system7_0/inst/FCLK_CLK_unbuffered[0]
    BUFGCTRL_X0Y0        BUFG (Prop_bufg_I_O)         0.029     0.370 r  system_i/PS7/processing_system7_0/inst/buffer_fclk_clk_0.FCLK_CLK_0_BUFG/O
                         net (fo=1531, routed)        0.834     1.204    system_i/PS7/ps7_0_axi_periph/s00_couplers/auto_pc/inst/gen_axilite.gen_b2s_conv.axilite_b2s/RD.r_channel_0/rd_data_fifo_0/aclk
    SLICE_X8Y43          SRLC32E                                      r  system_i/PS7/ps7_0_axi_periph/s00_couplers/auto_pc/inst/gen_axilite.gen_b2s_conv.axilite_b2s/RD.r_channel_0/rd_data_fifo_0/memory_reg[31][19]_srl32/CLK
                         clock pessimism             -0.262     0.942    
    SLICE_X8Y43          SRLC32E (Hold_srlc32e_CLK_D)
                                                      0.183     1.125    system_i/PS7/ps7_0_axi_periph/s00_couplers/auto_pc/inst/gen_axilite.gen_b2s_conv.axilite_b2s/RD.r_channel_0/rd_data_fifo_0/memory_reg[31][19]_srl32
  -------------------------------------------------------------------
                         required time                         -1.125    
                         arrival time                           1.216    
  -------------------------------------------------------------------
                         slack                                  0.091    

Slack (MET) :             0.098ns  (arrival time - required time)
  Source:                 system_i/monitor_freq_gpio/U0/gpio_core_1/Dual.gpio_OE_reg[2]/C
                            (rising edge-triggered cell FDSE clocked by clk_fpga_0  {rise@0.000ns fall@4.000ns period=8.000ns})
  Destination:            system_i/monitor_freq_gpio/U0/gpio_core_1/Dual.ALLIN0_ND_G0.READ_REG_GEN[2].reg1_reg[2]/D
                            (rising edge-triggered cell FDRE clocked by clk_fpga_0  {rise@0.000ns fall@4.000ns period=8.000ns})
  Path Group:             clk_fpga_0
  Path Type:              Hold (Min at Fast Process Corner)
  Requirement:            0.000ns  (clk_fpga_0 rise@0.000ns - clk_fpga_0 rise@0.000ns)
  Data Path Delay:        0.460ns  (logic 0.186ns (40.476%)  route 0.274ns (59.524%))
  Logic Levels:           1  (LUT5=1)
  Clock Path Skew:        0.270ns (DCD - SCD - CPR)
    Destination Clock Delay (DCD):    1.205ns
    Source Clock Delay      (SCD):    0.906ns
    Clock Pessimism Removal (CPR):    0.029ns

    Location             Delay type                Incr(ns)  Path(ns)    Netlist Resource(s)
  -------------------------------------------------------------------    -------------------
                         (clock clk_fpga_0 rise edge)
                                                      0.000     0.000 r  
    PS7_X0Y0             PS7                          0.000     0.000 r  system_i/PS7/processing_system7_0/inst/PS7_i/FCLKCLK[0]
                         net (fo=1, routed)           0.315     0.315    system_i/PS7/processing_system7_0/inst/FCLK_CLK_unbuffered[0]
    BUFGCTRL_X0Y0        BUFG (Prop_bufg_I_O)         0.026     0.341 r  system_i/PS7/processing_system7_0/inst/buffer_fclk_clk_0.FCLK_CLK_0_BUFG/O
                         net (fo=1531, routed)        0.565     0.906    system_i/monitor_freq_gpio/U0/gpio_core_1/s_axi_aclk
    SLICE_X9Y50          FDSE                                         r  system_i/monitor_freq_gpio/U0/gpio_core_1/Dual.gpio_OE_reg[2]/C
  -------------------------------------------------------------------    -------------------
    SLICE_X9Y50          FDSE (Prop_fdse_C_Q)         0.141     1.047 r  system_i/monitor_freq_gpio/U0/gpio_core_1/Dual.gpio_OE_reg[2]/Q
                         net (fo=1, routed)           0.274     1.320    system_i/monitor_freq_gpio/U0/AXI_LITE_IPIF_I/I_SLAVE_ATTACHMENT/gpio_io_t[29]
    SLICE_X9Y49          LUT5 (Prop_lut5_I4_O)        0.045     1.365 r  system_i/monitor_freq_gpio/U0/AXI_LITE_IPIF_I/I_SLAVE_ATTACHMENT/Dual.ALLIN0_ND_G0.READ_REG_GEN[2].reg1[2]_i_1/O
                         net (fo=1, routed)           0.000     1.365    system_i/monitor_freq_gpio/U0/gpio_core_1/Dual.ALLIN0_ND_G0.READ_REG_GEN[2].reg1_reg[2]_0
    SLICE_X9Y49          FDRE                                         r  system_i/monitor_freq_gpio/U0/gpio_core_1/Dual.ALLIN0_ND_G0.READ_REG_GEN[2].reg1_reg[2]/D
  -------------------------------------------------------------------    -------------------

                         (clock clk_fpga_0 rise edge)
                                                      0.000     0.000 r  
    PS7_X0Y0             PS7                          0.000     0.000 r  system_i/PS7/processing_system7_0/inst/PS7_i/FCLKCLK[0]
                         net (fo=1, routed)           0.341     0.341    system_i/PS7/processing_system7_0/inst/FCLK_CLK_unbuffered[0]
    BUFGCTRL_X0Y0        BUFG (Prop_bufg_I_O)         0.029     0.370 r  system_i/PS7/processing_system7_0/inst/buffer_fclk_clk_0.FCLK_CLK_0_BUFG/O
                         net (fo=1531, routed)        0.835     1.205    system_i/monitor_freq_gpio/U0/gpio_core_1/s_axi_aclk
    SLICE_X9Y49          FDRE                                         r  system_i/monitor_freq_gpio/U0/gpio_core_1/Dual.ALLIN0_ND_G0.READ_REG_GEN[2].reg1_reg[2]/C
                         clock pessimism             -0.029     1.176    
    SLICE_X9Y49          FDRE (Hold_fdre_C_D)         0.091     1.267    system_i/monitor_freq_gpio/U0/gpio_core_1/Dual.ALLIN0_ND_G0.READ_REG_GEN[2].reg1_reg[2]
  -------------------------------------------------------------------
                         required time                         -1.267    
                         arrival time                           1.365    
  -------------------------------------------------------------------
                         slack                                  0.098    





Pulse Width Checks
--------------------------------------------------------------------------------------
Clock Name:         clk_fpga_0
Waveform(ns):       { 0.000 4.000 }
Period(ns):         8.000
Sources:            { system_i/PS7/processing_system7_0/inst/PS7_i/FCLKCLK[0] }

Check Type        Corner  Lib Pin      Reference Pin  Required(ns)  Actual(ns)  Slack(ns)  Location       Pin
Min Period        n/a     BUFG/I       n/a            2.155         8.000       5.845      BUFGCTRL_X0Y0  system_i/PS7/processing_system7_0/inst/buffer_fclk_clk_0.FCLK_CLK_0_BUFG/I
Min Period        n/a     FDRE/C       n/a            1.000         8.000       7.000      SLICE_X7Y38    system_i/PS7/ps7_0_axi_periph/xbar/inst/gen_sasd.crossbar_sasd_0/reg_slice_r/m_payload_i_reg[0]/C
Min Period        n/a     FDRE/C       n/a            1.000         8.000       7.000      SLICE_X7Y38    system_i/PS7/ps7_0_axi_periph/xbar/inst/gen_sasd.crossbar_sasd_0/reg_slice_r/m_payload_i_reg[10]/C
Min Period        n/a     FDRE/C       n/a            1.000         8.000       7.000      SLICE_X7Y38    system_i/PS7/ps7_0_axi_periph/xbar/inst/gen_sasd.crossbar_sasd_0/reg_slice_r/m_payload_i_reg[11]/C
Min Period        n/a     FDRE/C       n/a            1.000         8.000       7.000      SLICE_X8Y37    system_i/PS7/ps7_0_axi_periph/xbar/inst/gen_sasd.crossbar_sasd_0/reg_slice_r/m_payload_i_reg[12]/C
Min Period        n/a     FDRE/C       n/a            1.000         8.000       7.000      SLICE_X8Y37    system_i/PS7/ps7_0_axi_periph/xbar/inst/gen_sasd.crossbar_sasd_0/reg_slice_r/m_payload_i_reg[13]/C
Min Period        n/a     FDRE/C       n/a            1.000         8.000       7.000      SLICE_X8Y37    system_i/PS7/ps7_0_axi_periph/xbar/inst/gen_sasd.crossbar_sasd_0/reg_slice_r/m_payload_i_reg[14]/C
Min Period        n/a     FDRE/C       n/a            1.000         8.000       7.000      SLICE_X9Y41    system_i/PS7/ps7_0_axi_periph/xbar/inst/gen_sasd.crossbar_sasd_0/reg_slice_r/m_payload_i_reg[15]/C
Min Period        n/a     FDRE/C       n/a            1.000         8.000       7.000      SLICE_X9Y41    system_i/PS7/ps7_0_axi_periph/xbar/inst/gen_sasd.crossbar_sasd_0/reg_slice_r/m_payload_i_reg[16]/C
Min Period        n/a     FDRE/C       n/a            1.000         8.000       7.000      SLICE_X9Y41    system_i/PS7/ps7_0_axi_periph/xbar/inst/gen_sasd.crossbar_sasd_0/reg_slice_r/m_payload_i_reg[17]/C
Low Pulse Width   Slow    SRL16E/CLK   n/a            0.980         4.000       3.020      SLICE_X20Y32   system_i/PS7/rst_ps7_0_125M/U0/EXT_LPF/POR_SRL_I/CLK
Low Pulse Width   Slow    SRLC32E/CLK  n/a            0.980         4.000       3.020      SLICE_X6Y38    system_i/PS7/ps7_0_axi_periph/s00_couplers/auto_pc/inst/gen_axilite.gen_b2s_conv.axilite_b2s/RD.r_channel_0/rd_data_fifo_0/memory_reg[31][10]_srl32/CLK
Low Pulse Width   Fast    SRLC32E/CLK  n/a            0.980         4.000       3.020      SLICE_X8Y41    system_i/PS7/ps7_0_axi_periph/s00_couplers/auto_pc/inst/gen_axilite.gen_b2s_conv.axilite_b2s/RD.r_channel_0/rd_data_fifo_0/memory_reg[31][11]_srl32/CLK
Low Pulse Width   Fast    SRLC32E/CLK  n/a            0.980         4.000       3.020      SLICE_X8Y41    system_i/PS7/ps7_0_axi_periph/s00_couplers/auto_pc/inst/gen_axilite.gen_b2s_conv.axilite_b2s/RD.r_channel_0/rd_data_fifo_0/memory_reg[31][12]_srl32/CLK
Low Pulse Width   Fast    SRLC32E/CLK  n/a            0.980         4.000       3.020      SLICE_X8Y41    system_i/PS7/ps7_0_axi_periph/s00_couplers/auto_pc/inst/gen_axilite.gen_b2s_conv.axilite_b2s/RD.r_channel_0/rd_data_fifo_0/memory_reg[31][13]_srl32/CLK
Low Pulse Width   Fast    SRLC32E/CLK  n/a            0.980         4.000       3.020      SLICE_X8Y43    system_i/PS7/ps7_0_axi_periph/s00_couplers/auto_pc/inst/gen_axilite.gen_b2s_conv.axilite_b2s/RD.r_channel_0/rd_data_fifo_0/memory_reg[31][14]_srl32/CLK
Low Pulse Width   Slow    SRLC32E/CLK  n/a            0.980         4.000       3.020      SLICE_X6Y38    system_i/PS7/ps7_0_axi_periph/s00_couplers/auto_pc/inst/gen_axilite.gen_b2s_conv.axilite_b2s/RD.r_channel_0/rd_data_fifo_0/memory_reg[31][15]_srl32/CLK
Low Pulse Width   Fast    SRLC32E/CLK  n/a            0.980         4.000       3.020      SLICE_X8Y43    system_i/PS7/ps7_0_axi_periph/s00_couplers/auto_pc/inst/gen_axilite.gen_b2s_conv.axilite_b2s/RD.r_channel_0/rd_data_fifo_0/memory_reg[31][16]_srl32/CLK
Low Pulse Width   Fast    SRLC32E/CLK  n/a            0.980         4.000       3.020      SLICE_X8Y43    system_i/PS7/ps7_0_axi_periph/s00_couplers/auto_pc/inst/gen_axilite.gen_b2s_conv.axilite_b2s/RD.r_channel_0/rd_data_fifo_0/memory_reg[31][17]_srl32/CLK
Low Pulse Width   Fast    SRLC32E/CLK  n/a            0.980         4.000       3.020      SLICE_X6Y46    system_i/PS7/ps7_0_axi_periph/s00_couplers/auto_pc/inst/gen_axilite.gen_b2s_conv.axilite_b2s/RD.r_channel_0/rd_data_fifo_0/memory_reg[31][18]_srl32/CLK
High Pulse Width  Fast    SRLC32E/CLK  n/a            0.980         4.000       3.020      SLICE_X8Y39    system_i/PS7/ps7_0_axi_periph/s00_couplers/auto_pc/inst/gen_axilite.gen_b2s_conv.axilite_b2s/RD.r_channel_0/rd_data_fifo_0/memory_reg[31][0]_srl32/CLK
High Pulse Width  Fast    SRLC32E/CLK  n/a            0.980         4.000       3.020      SLICE_X6Y38    system_i/PS7/ps7_0_axi_periph/s00_couplers/auto_pc/inst/gen_axilite.gen_b2s_conv.axilite_b2s/RD.r_channel_0/rd_data_fifo_0/memory_reg[31][10]_srl32/CLK
High Pulse Width  Slow    SRLC32E/CLK  n/a            0.980         4.000       3.020      SLICE_X8Y43    system_i/PS7/ps7_0_axi_periph/s00_couplers/auto_pc/inst/gen_axilite.gen_b2s_conv.axilite_b2s/RD.r_channel_0/rd_data_fifo_0/memory_reg[31][14]_srl32/CLK
High Pulse Width  Fast    SRLC32E/CLK  n/a            0.980         4.000       3.020      SLICE_X6Y38    system_i/PS7/ps7_0_axi_periph/s00_couplers/auto_pc/inst/gen_axilite.gen_b2s_conv.axilite_b2s/RD.r_channel_0/rd_data_fifo_0/memory_reg[31][15]_srl32/CLK
High Pulse Width  Slow    SRLC32E/CLK  n/a            0.980         4.000       3.020      SLICE_X8Y43    system_i/PS7/ps7_0_axi_periph/s00_couplers/auto_pc/inst/gen_axilite.gen_b2s_conv.axilite_b2s/RD.r_channel_0/rd_data_fifo_0/memory_reg[31][16]_srl32/CLK
High Pulse Width  Slow    SRLC32E/CLK  n/a            0.980         4.000       3.020      SLICE_X8Y43    system_i/PS7/ps7_0_axi_periph/s00_couplers/auto_pc/inst/gen_axilite.gen_b2s_conv.axilite_b2s/RD.r_channel_0/rd_data_fifo_0/memory_reg[31][17]_srl32/CLK
High Pulse Width  Slow    SRLC32E/CLK  n/a            0.980         4.000       3.020      SLICE_X6Y46    system_i/PS7/ps7_0_axi_periph/s00_couplers/auto_pc/inst/gen_axilite.gen_b2s_conv.axilite_b2s/RD.r_channel_0/rd_data_fifo_0/memory_reg[31][18]_srl32/CLK
High Pulse Width  Slow    SRLC32E/CLK  n/a            0.980         4.000       3.020      SLICE_X8Y43    system_i/PS7/ps7_0_axi_periph/s00_couplers/auto_pc/inst/gen_axilite.gen_b2s_conv.axilite_b2s/RD.r_channel_0/rd_data_fifo_0/memory_reg[31][19]_srl32/CLK
High Pulse Width  Fast    SRLC32E/CLK  n/a            0.980         4.000       3.020      SLICE_X8Y38    system_i/PS7/ps7_0_axi_periph/s00_couplers/auto_pc/inst/gen_axilite.gen_b2s_conv.axilite_b2s/RD.r_channel_0/rd_data_fifo_0/memory_reg[31][1]_srl32/CLK
High Pulse Width  Slow    SRLC32E/CLK  n/a            0.980         4.000       3.020      SLICE_X8Y45    system_i/PS7/ps7_0_axi_periph/s00_couplers/auto_pc/inst/gen_axilite.gen_b2s_conv.axilite_b2s/RD.r_channel_0/rd_data_fifo_0/memory_reg[31][20]_srl32/CLK



---------------------------------------------------------------------------------------------------
From Clock:  system_i/clk_wiz_0/inst/clk_in1
  To Clock:  system_i/clk_wiz_0/inst/clk_in1

Setup :           NA  Failing Endpoints,  Worst Slack           NA  ,  Total Violation           NA
Hold  :           NA  Failing Endpoints,  Worst Slack           NA  ,  Total Violation           NA
PW    :            0  Failing Endpoints,  Worst Slack        2.000ns,  Total Violation        0.000ns
---------------------------------------------------------------------------------------------------


Pulse Width Checks
--------------------------------------------------------------------------------------
Clock Name:         system_i/clk_wiz_0/inst/clk_in1
Waveform(ns):       { 0.000 4.000 }
Period(ns):         8.000
Sources:            { system_i/clk_wiz_0/inst/clk_in1 }

Check Type        Corner  Lib Pin            Reference Pin  Required(ns)  Actual(ns)  Slack(ns)  Location         Pin
Min Period        n/a     MMCME2_ADV/CLKIN1  n/a            1.249         8.000       6.751      MMCME2_ADV_X0Y0  system_i/clk_wiz_0/inst/mmcm_adv_inst/CLKIN1
Max Period        n/a     MMCME2_ADV/CLKIN1  n/a            100.000       8.000       92.000     MMCME2_ADV_X0Y0  system_i/clk_wiz_0/inst/mmcm_adv_inst/CLKIN1
Low Pulse Width   Slow    MMCME2_ADV/CLKIN1  n/a            2.000         4.000       2.000      MMCME2_ADV_X0Y0  system_i/clk_wiz_0/inst/mmcm_adv_inst/CLKIN1
Low Pulse Width   Fast    MMCME2_ADV/CLKIN1  n/a            2.000         4.000       2.000      MMCME2_ADV_X0Y0  system_i/clk_wiz_0/inst/mmcm_adv_inst/CLKIN1
High Pulse Width  Slow    MMCME2_ADV/CLKIN1  n/a            2.000         4.000       2.000      MMCME2_ADV_X0Y0  system_i/clk_wiz_0/inst/mmcm_adv_inst/CLKIN1
High Pulse Width  Fast    MMCME2_ADV/CLKIN1  n/a            2.000         4.000       2.000      MMCME2_ADV_X0Y0  system_i/clk_wiz_0/inst/mmcm_adv_inst/CLKIN1



---------------------------------------------------------------------------------------------------
From Clock:  clk_out1_system_clk_wiz_0_0
  To Clock:  clk_out1_system_clk_wiz_0_0

Setup :           NA  Failing Endpoints,  Worst Slack           NA  ,  Total Violation           NA
Hold  :           NA  Failing Endpoints,  Worst Slack           NA  ,  Total Violation           NA
PW    :            0  Failing Endpoints,  Worst Slack        1.845ns,  Total Violation        0.000ns
---------------------------------------------------------------------------------------------------


Pulse Width Checks
--------------------------------------------------------------------------------------
Clock Name:         clk_out1_system_clk_wiz_0_0
Waveform(ns):       { 0.000 2.000 }
Period(ns):         4.000
Sources:            { system_i/clk_wiz_0/inst/mmcm_adv_inst/CLKOUT0 }

Check Type  Corner  Lib Pin             Reference Pin  Required(ns)  Actual(ns)  Slack(ns)  Location         Pin
Min Period  n/a     BUFG/I              n/a            2.155         4.000       1.845      BUFGCTRL_X0Y2    system_i/clk_wiz_0/inst/clkout1_buf/I
Min Period  n/a     ODDR/C              n/a            1.474         4.000       2.526      OLOGIC_X0Y83     system_i/axis_red_pitaya_dac_0/inst/ODDR_clk/C
Min Period  n/a     ODDR/C              n/a            1.474         4.000       2.526      OLOGIC_X0Y84     system_i/axis_red_pitaya_dac_0/inst/ODDR_wrt/C
Min Period  n/a     MMCME2_ADV/CLKOUT0  n/a            1.249         4.000       2.751      MMCME2_ADV_X0Y0  system_i/clk_wiz_0/inst/mmcm_adv_inst/CLKOUT0
Max Period  n/a     MMCME2_ADV/CLKOUT0  n/a            213.360       4.000       209.360    MMCME2_ADV_X0Y0  system_i/clk_wiz_0/inst/mmcm_adv_inst/CLKOUT0



---------------------------------------------------------------------------------------------------
From Clock:  clkfbout_system_clk_wiz_0_0
  To Clock:  clkfbout_system_clk_wiz_0_0

Setup :           NA  Failing Endpoints,  Worst Slack           NA  ,  Total Violation           NA
Hold  :           NA  Failing Endpoints,  Worst Slack           NA  ,  Total Violation           NA
PW    :            0  Failing Endpoints,  Worst Slack        5.845ns,  Total Violation        0.000ns
---------------------------------------------------------------------------------------------------


Pulse Width Checks
--------------------------------------------------------------------------------------
Clock Name:         clkfbout_system_clk_wiz_0_0
Waveform(ns):       { 0.000 4.000 }
Period(ns):         8.000
Sources:            { system_i/clk_wiz_0/inst/mmcm_adv_inst/CLKFBOUT }

Check Type  Corner  Lib Pin              Reference Pin  Required(ns)  Actual(ns)  Slack(ns)  Location         Pin
Min Period  n/a     BUFG/I               n/a            2.155         8.000       5.845      BUFGCTRL_X0Y3    system_i/clk_wiz_0/inst/clkf_buf/I
Min Period  n/a     MMCME2_ADV/CLKFBOUT  n/a            1.249         8.000       6.751      MMCME2_ADV_X0Y0  system_i/clk_wiz_0/inst/mmcm_adv_inst/CLKFBOUT
Min Period  n/a     MMCME2_ADV/CLKFBIN   n/a            1.249         8.000       6.751      MMCME2_ADV_X0Y0  system_i/clk_wiz_0/inst/mmcm_adv_inst/CLKFBIN
Max Period  n/a     MMCME2_ADV/CLKFBIN   n/a            100.000       8.000       92.000     MMCME2_ADV_X0Y0  system_i/clk_wiz_0/inst/mmcm_adv_inst/CLKFBIN
Max Period  n/a     MMCME2_ADV/CLKFBOUT  n/a            213.360       8.000       205.360    MMCME2_ADV_X0Y0  system_i/clk_wiz_0/inst/mmcm_adv_inst/CLKFBOUT



---------------------------------------------------------------------------------------------------
From Clock:  clk_fpga_0
  To Clock:  adc_clk

Setup :            0  Failing Endpoints,  Worst Slack        1.074ns,  Total Violation        0.000ns
Hold  :            0  Failing Endpoints,  Worst Slack        0.165ns,  Total Violation        0.000ns
---------------------------------------------------------------------------------------------------


Max Delay Paths
--------------------------------------------------------------------------------------
Slack (MET) :             1.074ns  (required time - arrival time)
  Source:                 system_i/scaling_gpio/U0/gpio_core_1/Not_Dual.gpio_Data_Out_reg[24]/C
                            (rising edge-triggered cell FDRE clocked by clk_fpga_0  {rise@0.000ns fall@4.000ns period=8.000ns})
  Destination:            system_i/dds_phase_corrector_0/inst/mult_result_reg/PCIN[0]
                            (rising edge-triggered cell DSP48E1 clocked by adc_clk  {rise@0.000ns fall@4.000ns period=8.000ns})
  Path Group:             adc_clk
  Path Type:              Setup (Max at Slow Process Corner)
  Requirement:            8.000ns  (adc_clk rise@8.000ns - clk_fpga_0 rise@0.000ns)
  Data Path Delay:        6.923ns  (logic 4.632ns (66.909%)  route 2.291ns (33.091%))
  Logic Levels:           2  (DSP48E1=1 LUT1=1)
  Clock Path Skew:        1.522ns (DCD - SCD + CPR)
    Destination Clock Delay (DCD):    4.506ns = ( 12.506 - 8.000 ) 
    Source Clock Delay      (SCD):    2.984ns
    Clock Pessimism Removal (CPR):    0.000ns
  Clock Uncertainty:      0.125ns  ((TSJ^2 + TIJ^2)^1/2 + DJ) / 2 + PE
    Total System Jitter     (TSJ):    0.071ns
    Total Input Jitter      (TIJ):    0.240ns
    Discrete Jitter          (DJ):    0.000ns
    Phase Error              (PE):    0.000ns
  Clock Domain Crossing:  Inter clock paths are considered valid unless explicitly excluded by timing constraints such as set_clock_groups or set_false_path.

    Location             Delay type                Incr(ns)  Path(ns)    Netlist Resource(s)
  -------------------------------------------------------------------    -------------------
                         (clock clk_fpga_0 rise edge)
                                                      0.000     0.000 r  
    PS7_X0Y0             PS7                          0.000     0.000 r  system_i/PS7/processing_system7_0/inst/PS7_i/FCLKCLK[0]
                         net (fo=1, routed)           1.207     1.207    system_i/PS7/processing_system7_0/inst/FCLK_CLK_unbuffered[0]
    BUFGCTRL_X0Y0        BUFG (Prop_bufg_I_O)         0.101     1.308 r  system_i/PS7/processing_system7_0/inst/buffer_fclk_clk_0.FCLK_CLK_0_BUFG/O
                         net (fo=1531, routed)        1.676     2.984    system_i/scaling_gpio/U0/gpio_core_1/s_axi_aclk
    SLICE_X9Y36          FDRE                                         r  system_i/scaling_gpio/U0/gpio_core_1/Not_Dual.gpio_Data_Out_reg[24]/C
  -------------------------------------------------------------------    -------------------
    SLICE_X9Y36          FDRE (Prop_fdre_C_Q)         0.456     3.440 r  system_i/scaling_gpio/U0/gpio_core_1/Not_Dual.gpio_Data_Out_reg[24]/Q
                         net (fo=2, routed)           1.155     4.595    system_i/scaling_gpio/U0/gpio_core_1/gpio_io_o[7]
    SLICE_X9Y52          LUT1 (Prop_lut1_I0_O)        0.117     4.712 r  system_i/scaling_gpio/U0/gpio_core_1/gpio_io_o[7]_hold_fix/O
                         net (fo=2, routed)           1.133     5.846    system_i/dds_phase_corrector_0/inst/gpio_io_o[7]_hold_fix_1_alias
    DSP48_X0Y14          DSP48E1 (Prop_dsp48e1_B[7]_PCOUT[0])
                                                      4.059     9.905 r  system_i/dds_phase_corrector_0/inst/mult_result0/PCOUT[0]
                         net (fo=1, routed)           0.002     9.907    system_i/dds_phase_corrector_0/inst/mult_result0_n_153
    DSP48_X0Y15          DSP48E1                                      r  system_i/dds_phase_corrector_0/inst/mult_result_reg/PCIN[0]
  -------------------------------------------------------------------    -------------------

                         (clock adc_clk rise edge)    8.000     8.000 r  
    U18                                               0.000     8.000 r  adc_clk_p_i (IN)
                         net (fo=0)                   0.000     8.000    system_i/DataAcquisition/axis_red_pitaya_adc_0/inst/adc_clk_p
    U18                  IBUFDS (Prop_ibufds_I_O)     0.940     8.940 r  system_i/DataAcquisition/axis_red_pitaya_adc_0/inst/adc_clk_inst0/O
                         net (fo=1, routed)           1.880    10.820    system_i/DataAcquisition/axis_red_pitaya_adc_0/inst/int_clk0
    BUFGCTRL_X0Y1        BUFG (Prop_bufg_I_O)         0.092    10.912 r  system_i/DataAcquisition/axis_red_pitaya_adc_0/inst/adc_clk_inst/O
                         net (fo=1363, routed)        1.594    12.506    system_i/dds_phase_corrector_0/inst/clk
    DSP48_X0Y15          DSP48E1                                      r  system_i/dds_phase_corrector_0/inst/mult_result_reg/CLK
                         clock pessimism              0.000    12.506    
                         clock uncertainty           -0.125    12.381    
    DSP48_X0Y15          DSP48E1 (Setup_dsp48e1_CLK_PCIN[0])
                                                     -1.400    10.981    system_i/dds_phase_corrector_0/inst/mult_result_reg
  -------------------------------------------------------------------
                         required time                         10.981    
                         arrival time                          -9.907    
  -------------------------------------------------------------------
                         slack                                  1.074    

Slack (MET) :             1.074ns  (required time - arrival time)
  Source:                 system_i/scaling_gpio/U0/gpio_core_1/Not_Dual.gpio_Data_Out_reg[24]/C
                            (rising edge-triggered cell FDRE clocked by clk_fpga_0  {rise@0.000ns fall@4.000ns period=8.000ns})
  Destination:            system_i/dds_phase_corrector_0/inst/mult_result_reg/PCIN[10]
                            (rising edge-triggered cell DSP48E1 clocked by adc_clk  {rise@0.000ns fall@4.000ns period=8.000ns})
  Path Group:             adc_clk
  Path Type:              Setup (Max at Slow Process Corner)
  Requirement:            8.000ns  (adc_clk rise@8.000ns - clk_fpga_0 rise@0.000ns)
  Data Path Delay:        6.923ns  (logic 4.632ns (66.909%)  route 2.291ns (33.091%))
  Logic Levels:           2  (DSP48E1=1 LUT1=1)
  Clock Path Skew:        1.522ns (DCD - SCD + CPR)
    Destination Clock Delay (DCD):    4.506ns = ( 12.506 - 8.000 ) 
    Source Clock Delay      (SCD):    2.984ns
    Clock Pessimism Removal (CPR):    0.000ns
  Clock Uncertainty:      0.125ns  ((TSJ^2 + TIJ^2)^1/2 + DJ) / 2 + PE
    Total System Jitter     (TSJ):    0.071ns
    Total Input Jitter      (TIJ):    0.240ns
    Discrete Jitter          (DJ):    0.000ns
    Phase Error              (PE):    0.000ns
  Clock Domain Crossing:  Inter clock paths are considered valid unless explicitly excluded by timing constraints such as set_clock_groups or set_false_path.

    Location             Delay type                Incr(ns)  Path(ns)    Netlist Resource(s)
  -------------------------------------------------------------------    -------------------
                         (clock clk_fpga_0 rise edge)
                                                      0.000     0.000 r  
    PS7_X0Y0             PS7                          0.000     0.000 r  system_i/PS7/processing_system7_0/inst/PS7_i/FCLKCLK[0]
                         net (fo=1, routed)           1.207     1.207    system_i/PS7/processing_system7_0/inst/FCLK_CLK_unbuffered[0]
    BUFGCTRL_X0Y0        BUFG (Prop_bufg_I_O)         0.101     1.308 r  system_i/PS7/processing_system7_0/inst/buffer_fclk_clk_0.FCLK_CLK_0_BUFG/O
                         net (fo=1531, routed)        1.676     2.984    system_i/scaling_gpio/U0/gpio_core_1/s_axi_aclk
    SLICE_X9Y36          FDRE                                         r  system_i/scaling_gpio/U0/gpio_core_1/Not_Dual.gpio_Data_Out_reg[24]/C
  -------------------------------------------------------------------    -------------------
    SLICE_X9Y36          FDRE (Prop_fdre_C_Q)         0.456     3.440 r  system_i/scaling_gpio/U0/gpio_core_1/Not_Dual.gpio_Data_Out_reg[24]/Q
                         net (fo=2, routed)           1.155     4.595    system_i/scaling_gpio/U0/gpio_core_1/gpio_io_o[7]
    SLICE_X9Y52          LUT1 (Prop_lut1_I0_O)        0.117     4.712 r  system_i/scaling_gpio/U0/gpio_core_1/gpio_io_o[7]_hold_fix/O
                         net (fo=2, routed)           1.133     5.846    system_i/dds_phase_corrector_0/inst/gpio_io_o[7]_hold_fix_1_alias
    DSP48_X0Y14          DSP48E1 (Prop_dsp48e1_B[7]_PCOUT[10])
                                                      4.059     9.905 r  system_i/dds_phase_corrector_0/inst/mult_result0/PCOUT[10]
                         net (fo=1, routed)           0.002     9.907    system_i/dds_phase_corrector_0/inst/mult_result0_n_143
    DSP48_X0Y15          DSP48E1                                      r  system_i/dds_phase_corrector_0/inst/mult_result_reg/PCIN[10]
  -------------------------------------------------------------------    -------------------

                         (clock adc_clk rise edge)    8.000     8.000 r  
    U18                                               0.000     8.000 r  adc_clk_p_i (IN)
                         net (fo=0)                   0.000     8.000    system_i/DataAcquisition/axis_red_pitaya_adc_0/inst/adc_clk_p
    U18                  IBUFDS (Prop_ibufds_I_O)     0.940     8.940 r  system_i/DataAcquisition/axis_red_pitaya_adc_0/inst/adc_clk_inst0/O
                         net (fo=1, routed)           1.880    10.820    system_i/DataAcquisition/axis_red_pitaya_adc_0/inst/int_clk0
    BUFGCTRL_X0Y1        BUFG (Prop_bufg_I_O)         0.092    10.912 r  system_i/DataAcquisition/axis_red_pitaya_adc_0/inst/adc_clk_inst/O
                         net (fo=1363, routed)        1.594    12.506    system_i/dds_phase_corrector_0/inst/clk
    DSP48_X0Y15          DSP48E1                                      r  system_i/dds_phase_corrector_0/inst/mult_result_reg/CLK
                         clock pessimism              0.000    12.506    
                         clock uncertainty           -0.125    12.381    
    DSP48_X0Y15          DSP48E1 (Setup_dsp48e1_CLK_PCIN[10])
                                                     -1.400    10.981    system_i/dds_phase_corrector_0/inst/mult_result_reg
  -------------------------------------------------------------------
                         required time                         10.981    
                         arrival time                          -9.907    
  -------------------------------------------------------------------
                         slack                                  1.074    

Slack (MET) :             1.074ns  (required time - arrival time)
  Source:                 system_i/scaling_gpio/U0/gpio_core_1/Not_Dual.gpio_Data_Out_reg[24]/C
                            (rising edge-triggered cell FDRE clocked by clk_fpga_0  {rise@0.000ns fall@4.000ns period=8.000ns})
  Destination:            system_i/dds_phase_corrector_0/inst/mult_result_reg/PCIN[11]
                            (rising edge-triggered cell DSP48E1 clocked by adc_clk  {rise@0.000ns fall@4.000ns period=8.000ns})
  Path Group:             adc_clk
  Path Type:              Setup (Max at Slow Process Corner)
  Requirement:            8.000ns  (adc_clk rise@8.000ns - clk_fpga_0 rise@0.000ns)
  Data Path Delay:        6.923ns  (logic 4.632ns (66.909%)  route 2.291ns (33.091%))
  Logic Levels:           2  (DSP48E1=1 LUT1=1)
  Clock Path Skew:        1.522ns (DCD - SCD + CPR)
    Destination Clock Delay (DCD):    4.506ns = ( 12.506 - 8.000 ) 
    Source Clock Delay      (SCD):    2.984ns
    Clock Pessimism Removal (CPR):    0.000ns
  Clock Uncertainty:      0.125ns  ((TSJ^2 + TIJ^2)^1/2 + DJ) / 2 + PE
    Total System Jitter     (TSJ):    0.071ns
    Total Input Jitter      (TIJ):    0.240ns
    Discrete Jitter          (DJ):    0.000ns
    Phase Error              (PE):    0.000ns
  Clock Domain Crossing:  Inter clock paths are considered valid unless explicitly excluded by timing constraints such as set_clock_groups or set_false_path.

    Location             Delay type                Incr(ns)  Path(ns)    Netlist Resource(s)
  -------------------------------------------------------------------    -------------------
                         (clock clk_fpga_0 rise edge)
                                                      0.000     0.000 r  
    PS7_X0Y0             PS7                          0.000     0.000 r  system_i/PS7/processing_system7_0/inst/PS7_i/FCLKCLK[0]
                         net (fo=1, routed)           1.207     1.207    system_i/PS7/processing_system7_0/inst/FCLK_CLK_unbuffered[0]
    BUFGCTRL_X0Y0        BUFG (Prop_bufg_I_O)         0.101     1.308 r  system_i/PS7/processing_system7_0/inst/buffer_fclk_clk_0.FCLK_CLK_0_BUFG/O
                         net (fo=1531, routed)        1.676     2.984    system_i/scaling_gpio/U0/gpio_core_1/s_axi_aclk
    SLICE_X9Y36          FDRE                                         r  system_i/scaling_gpio/U0/gpio_core_1/Not_Dual.gpio_Data_Out_reg[24]/C
  -------------------------------------------------------------------    -------------------
    SLICE_X9Y36          FDRE (Prop_fdre_C_Q)         0.456     3.440 r  system_i/scaling_gpio/U0/gpio_core_1/Not_Dual.gpio_Data_Out_reg[24]/Q
                         net (fo=2, routed)           1.155     4.595    system_i/scaling_gpio/U0/gpio_core_1/gpio_io_o[7]
    SLICE_X9Y52          LUT1 (Prop_lut1_I0_O)        0.117     4.712 r  system_i/scaling_gpio/U0/gpio_core_1/gpio_io_o[7]_hold_fix/O
                         net (fo=2, routed)           1.133     5.846    system_i/dds_phase_corrector_0/inst/gpio_io_o[7]_hold_fix_1_alias
    DSP48_X0Y14          DSP48E1 (Prop_dsp48e1_B[7]_PCOUT[11])
                                                      4.059     9.905 r  system_i/dds_phase_corrector_0/inst/mult_result0/PCOUT[11]
                         net (fo=1, routed)           0.002     9.907    system_i/dds_phase_corrector_0/inst/mult_result0_n_142
    DSP48_X0Y15          DSP48E1                                      r  system_i/dds_phase_corrector_0/inst/mult_result_reg/PCIN[11]
  -------------------------------------------------------------------    -------------------

                         (clock adc_clk rise edge)    8.000     8.000 r  
    U18                                               0.000     8.000 r  adc_clk_p_i (IN)
                         net (fo=0)                   0.000     8.000    system_i/DataAcquisition/axis_red_pitaya_adc_0/inst/adc_clk_p
    U18                  IBUFDS (Prop_ibufds_I_O)     0.940     8.940 r  system_i/DataAcquisition/axis_red_pitaya_adc_0/inst/adc_clk_inst0/O
                         net (fo=1, routed)           1.880    10.820    system_i/DataAcquisition/axis_red_pitaya_adc_0/inst/int_clk0
    BUFGCTRL_X0Y1        BUFG (Prop_bufg_I_O)         0.092    10.912 r  system_i/DataAcquisition/axis_red_pitaya_adc_0/inst/adc_clk_inst/O
                         net (fo=1363, routed)        1.594    12.506    system_i/dds_phase_corrector_0/inst/clk
    DSP48_X0Y15          DSP48E1                                      r  system_i/dds_phase_corrector_0/inst/mult_result_reg/CLK
                         clock pessimism              0.000    12.506    
                         clock uncertainty           -0.125    12.381    
    DSP48_X0Y15          DSP48E1 (Setup_dsp48e1_CLK_PCIN[11])
                                                     -1.400    10.981    system_i/dds_phase_corrector_0/inst/mult_result_reg
  -------------------------------------------------------------------
                         required time                         10.981    
                         arrival time                          -9.907    
  -------------------------------------------------------------------
                         slack                                  1.074    

Slack (MET) :             1.074ns  (required time - arrival time)
  Source:                 system_i/scaling_gpio/U0/gpio_core_1/Not_Dual.gpio_Data_Out_reg[24]/C
                            (rising edge-triggered cell FDRE clocked by clk_fpga_0  {rise@0.000ns fall@4.000ns period=8.000ns})
  Destination:            system_i/dds_phase_corrector_0/inst/mult_result_reg/PCIN[12]
                            (rising edge-triggered cell DSP48E1 clocked by adc_clk  {rise@0.000ns fall@4.000ns period=8.000ns})
  Path Group:             adc_clk
  Path Type:              Setup (Max at Slow Process Corner)
  Requirement:            8.000ns  (adc_clk rise@8.000ns - clk_fpga_0 rise@0.000ns)
  Data Path Delay:        6.923ns  (logic 4.632ns (66.909%)  route 2.291ns (33.091%))
  Logic Levels:           2  (DSP48E1=1 LUT1=1)
  Clock Path Skew:        1.522ns (DCD - SCD + CPR)
    Destination Clock Delay (DCD):    4.506ns = ( 12.506 - 8.000 ) 
    Source Clock Delay      (SCD):    2.984ns
    Clock Pessimism Removal (CPR):    0.000ns
  Clock Uncertainty:      0.125ns  ((TSJ^2 + TIJ^2)^1/2 + DJ) / 2 + PE
    Total System Jitter     (TSJ):    0.071ns
    Total Input Jitter      (TIJ):    0.240ns
    Discrete Jitter          (DJ):    0.000ns
    Phase Error              (PE):    0.000ns
  Clock Domain Crossing:  Inter clock paths are considered valid unless explicitly excluded by timing constraints such as set_clock_groups or set_false_path.

    Location             Delay type                Incr(ns)  Path(ns)    Netlist Resource(s)
  -------------------------------------------------------------------    -------------------
                         (clock clk_fpga_0 rise edge)
                                                      0.000     0.000 r  
    PS7_X0Y0             PS7                          0.000     0.000 r  system_i/PS7/processing_system7_0/inst/PS7_i/FCLKCLK[0]
                         net (fo=1, routed)           1.207     1.207    system_i/PS7/processing_system7_0/inst/FCLK_CLK_unbuffered[0]
    BUFGCTRL_X0Y0        BUFG (Prop_bufg_I_O)         0.101     1.308 r  system_i/PS7/processing_system7_0/inst/buffer_fclk_clk_0.FCLK_CLK_0_BUFG/O
                         net (fo=1531, routed)        1.676     2.984    system_i/scaling_gpio/U0/gpio_core_1/s_axi_aclk
    SLICE_X9Y36          FDRE                                         r  system_i/scaling_gpio/U0/gpio_core_1/Not_Dual.gpio_Data_Out_reg[24]/C
  -------------------------------------------------------------------    -------------------
    SLICE_X9Y36          FDRE (Prop_fdre_C_Q)         0.456     3.440 r  system_i/scaling_gpio/U0/gpio_core_1/Not_Dual.gpio_Data_Out_reg[24]/Q
                         net (fo=2, routed)           1.155     4.595    system_i/scaling_gpio/U0/gpio_core_1/gpio_io_o[7]
    SLICE_X9Y52          LUT1 (Prop_lut1_I0_O)        0.117     4.712 r  system_i/scaling_gpio/U0/gpio_core_1/gpio_io_o[7]_hold_fix/O
                         net (fo=2, routed)           1.133     5.846    system_i/dds_phase_corrector_0/inst/gpio_io_o[7]_hold_fix_1_alias
    DSP48_X0Y14          DSP48E1 (Prop_dsp48e1_B[7]_PCOUT[12])
                                                      4.059     9.905 r  system_i/dds_phase_corrector_0/inst/mult_result0/PCOUT[12]
                         net (fo=1, routed)           0.002     9.907    system_i/dds_phase_corrector_0/inst/mult_result0_n_141
    DSP48_X0Y15          DSP48E1                                      r  system_i/dds_phase_corrector_0/inst/mult_result_reg/PCIN[12]
  -------------------------------------------------------------------    -------------------

                         (clock adc_clk rise edge)    8.000     8.000 r  
    U18                                               0.000     8.000 r  adc_clk_p_i (IN)
                         net (fo=0)                   0.000     8.000    system_i/DataAcquisition/axis_red_pitaya_adc_0/inst/adc_clk_p
    U18                  IBUFDS (Prop_ibufds_I_O)     0.940     8.940 r  system_i/DataAcquisition/axis_red_pitaya_adc_0/inst/adc_clk_inst0/O
                         net (fo=1, routed)           1.880    10.820    system_i/DataAcquisition/axis_red_pitaya_adc_0/inst/int_clk0
    BUFGCTRL_X0Y1        BUFG (Prop_bufg_I_O)         0.092    10.912 r  system_i/DataAcquisition/axis_red_pitaya_adc_0/inst/adc_clk_inst/O
                         net (fo=1363, routed)        1.594    12.506    system_i/dds_phase_corrector_0/inst/clk
    DSP48_X0Y15          DSP48E1                                      r  system_i/dds_phase_corrector_0/inst/mult_result_reg/CLK
                         clock pessimism              0.000    12.506    
                         clock uncertainty           -0.125    12.381    
    DSP48_X0Y15          DSP48E1 (Setup_dsp48e1_CLK_PCIN[12])
                                                     -1.400    10.981    system_i/dds_phase_corrector_0/inst/mult_result_reg
  -------------------------------------------------------------------
                         required time                         10.981    
                         arrival time                          -9.907    
  -------------------------------------------------------------------
                         slack                                  1.074    

Slack (MET) :             1.074ns  (required time - arrival time)
  Source:                 system_i/scaling_gpio/U0/gpio_core_1/Not_Dual.gpio_Data_Out_reg[24]/C
                            (rising edge-triggered cell FDRE clocked by clk_fpga_0  {rise@0.000ns fall@4.000ns period=8.000ns})
  Destination:            system_i/dds_phase_corrector_0/inst/mult_result_reg/PCIN[13]
                            (rising edge-triggered cell DSP48E1 clocked by adc_clk  {rise@0.000ns fall@4.000ns period=8.000ns})
  Path Group:             adc_clk
  Path Type:              Setup (Max at Slow Process Corner)
  Requirement:            8.000ns  (adc_clk rise@8.000ns - clk_fpga_0 rise@0.000ns)
  Data Path Delay:        6.923ns  (logic 4.632ns (66.909%)  route 2.291ns (33.091%))
  Logic Levels:           2  (DSP48E1=1 LUT1=1)
  Clock Path Skew:        1.522ns (DCD - SCD + CPR)
    Destination Clock Delay (DCD):    4.506ns = ( 12.506 - 8.000 ) 
    Source Clock Delay      (SCD):    2.984ns
    Clock Pessimism Removal (CPR):    0.000ns
  Clock Uncertainty:      0.125ns  ((TSJ^2 + TIJ^2)^1/2 + DJ) / 2 + PE
    Total System Jitter     (TSJ):    0.071ns
    Total Input Jitter      (TIJ):    0.240ns
    Discrete Jitter          (DJ):    0.000ns
    Phase Error              (PE):    0.000ns
  Clock Domain Crossing:  Inter clock paths are considered valid unless explicitly excluded by timing constraints such as set_clock_groups or set_false_path.

    Location             Delay type                Incr(ns)  Path(ns)    Netlist Resource(s)
  -------------------------------------------------------------------    -------------------
                         (clock clk_fpga_0 rise edge)
                                                      0.000     0.000 r  
    PS7_X0Y0             PS7                          0.000     0.000 r  system_i/PS7/processing_system7_0/inst/PS7_i/FCLKCLK[0]
                         net (fo=1, routed)           1.207     1.207    system_i/PS7/processing_system7_0/inst/FCLK_CLK_unbuffered[0]
    BUFGCTRL_X0Y0        BUFG (Prop_bufg_I_O)         0.101     1.308 r  system_i/PS7/processing_system7_0/inst/buffer_fclk_clk_0.FCLK_CLK_0_BUFG/O
                         net (fo=1531, routed)        1.676     2.984    system_i/scaling_gpio/U0/gpio_core_1/s_axi_aclk
    SLICE_X9Y36          FDRE                                         r  system_i/scaling_gpio/U0/gpio_core_1/Not_Dual.gpio_Data_Out_reg[24]/C
  -------------------------------------------------------------------    -------------------
    SLICE_X9Y36          FDRE (Prop_fdre_C_Q)         0.456     3.440 r  system_i/scaling_gpio/U0/gpio_core_1/Not_Dual.gpio_Data_Out_reg[24]/Q
                         net (fo=2, routed)           1.155     4.595    system_i/scaling_gpio/U0/gpio_core_1/gpio_io_o[7]
    SLICE_X9Y52          LUT1 (Prop_lut1_I0_O)        0.117     4.712 r  system_i/scaling_gpio/U0/gpio_core_1/gpio_io_o[7]_hold_fix/O
                         net (fo=2, routed)           1.133     5.846    system_i/dds_phase_corrector_0/inst/gpio_io_o[7]_hold_fix_1_alias
    DSP48_X0Y14          DSP48E1 (Prop_dsp48e1_B[7]_PCOUT[13])
                                                      4.059     9.905 r  system_i/dds_phase_corrector_0/inst/mult_result0/PCOUT[13]
                         net (fo=1, routed)           0.002     9.907    system_i/dds_phase_corrector_0/inst/mult_result0_n_140
    DSP48_X0Y15          DSP48E1                                      r  system_i/dds_phase_corrector_0/inst/mult_result_reg/PCIN[13]
  -------------------------------------------------------------------    -------------------

                         (clock adc_clk rise edge)    8.000     8.000 r  
    U18                                               0.000     8.000 r  adc_clk_p_i (IN)
                         net (fo=0)                   0.000     8.000    system_i/DataAcquisition/axis_red_pitaya_adc_0/inst/adc_clk_p
    U18                  IBUFDS (Prop_ibufds_I_O)     0.940     8.940 r  system_i/DataAcquisition/axis_red_pitaya_adc_0/inst/adc_clk_inst0/O
                         net (fo=1, routed)           1.880    10.820    system_i/DataAcquisition/axis_red_pitaya_adc_0/inst/int_clk0
    BUFGCTRL_X0Y1        BUFG (Prop_bufg_I_O)         0.092    10.912 r  system_i/DataAcquisition/axis_red_pitaya_adc_0/inst/adc_clk_inst/O
                         net (fo=1363, routed)        1.594    12.506    system_i/dds_phase_corrector_0/inst/clk
    DSP48_X0Y15          DSP48E1                                      r  system_i/dds_phase_corrector_0/inst/mult_result_reg/CLK
                         clock pessimism              0.000    12.506    
                         clock uncertainty           -0.125    12.381    
    DSP48_X0Y15          DSP48E1 (Setup_dsp48e1_CLK_PCIN[13])
                                                     -1.400    10.981    system_i/dds_phase_corrector_0/inst/mult_result_reg
  -------------------------------------------------------------------
                         required time                         10.981    
                         arrival time                          -9.907    
  -------------------------------------------------------------------
                         slack                                  1.074    

Slack (MET) :             1.074ns  (required time - arrival time)
  Source:                 system_i/scaling_gpio/U0/gpio_core_1/Not_Dual.gpio_Data_Out_reg[24]/C
                            (rising edge-triggered cell FDRE clocked by clk_fpga_0  {rise@0.000ns fall@4.000ns period=8.000ns})
  Destination:            system_i/dds_phase_corrector_0/inst/mult_result_reg/PCIN[14]
                            (rising edge-triggered cell DSP48E1 clocked by adc_clk  {rise@0.000ns fall@4.000ns period=8.000ns})
  Path Group:             adc_clk
  Path Type:              Setup (Max at Slow Process Corner)
  Requirement:            8.000ns  (adc_clk rise@8.000ns - clk_fpga_0 rise@0.000ns)
  Data Path Delay:        6.923ns  (logic 4.632ns (66.909%)  route 2.291ns (33.091%))
  Logic Levels:           2  (DSP48E1=1 LUT1=1)
  Clock Path Skew:        1.522ns (DCD - SCD + CPR)
    Destination Clock Delay (DCD):    4.506ns = ( 12.506 - 8.000 ) 
    Source Clock Delay      (SCD):    2.984ns
    Clock Pessimism Removal (CPR):    0.000ns
  Clock Uncertainty:      0.125ns  ((TSJ^2 + TIJ^2)^1/2 + DJ) / 2 + PE
    Total System Jitter     (TSJ):    0.071ns
    Total Input Jitter      (TIJ):    0.240ns
    Discrete Jitter          (DJ):    0.000ns
    Phase Error              (PE):    0.000ns
  Clock Domain Crossing:  Inter clock paths are considered valid unless explicitly excluded by timing constraints such as set_clock_groups or set_false_path.

    Location             Delay type                Incr(ns)  Path(ns)    Netlist Resource(s)
  -------------------------------------------------------------------    -------------------
                         (clock clk_fpga_0 rise edge)
                                                      0.000     0.000 r  
    PS7_X0Y0             PS7                          0.000     0.000 r  system_i/PS7/processing_system7_0/inst/PS7_i/FCLKCLK[0]
                         net (fo=1, routed)           1.207     1.207    system_i/PS7/processing_system7_0/inst/FCLK_CLK_unbuffered[0]
    BUFGCTRL_X0Y0        BUFG (Prop_bufg_I_O)         0.101     1.308 r  system_i/PS7/processing_system7_0/inst/buffer_fclk_clk_0.FCLK_CLK_0_BUFG/O
                         net (fo=1531, routed)        1.676     2.984    system_i/scaling_gpio/U0/gpio_core_1/s_axi_aclk
    SLICE_X9Y36          FDRE                                         r  system_i/scaling_gpio/U0/gpio_core_1/Not_Dual.gpio_Data_Out_reg[24]/C
  -------------------------------------------------------------------    -------------------
    SLICE_X9Y36          FDRE (Prop_fdre_C_Q)         0.456     3.440 r  system_i/scaling_gpio/U0/gpio_core_1/Not_Dual.gpio_Data_Out_reg[24]/Q
                         net (fo=2, routed)           1.155     4.595    system_i/scaling_gpio/U0/gpio_core_1/gpio_io_o[7]
    SLICE_X9Y52          LUT1 (Prop_lut1_I0_O)        0.117     4.712 r  system_i/scaling_gpio/U0/gpio_core_1/gpio_io_o[7]_hold_fix/O
                         net (fo=2, routed)           1.133     5.846    system_i/dds_phase_corrector_0/inst/gpio_io_o[7]_hold_fix_1_alias
    DSP48_X0Y14          DSP48E1 (Prop_dsp48e1_B[7]_PCOUT[14])
                                                      4.059     9.905 r  system_i/dds_phase_corrector_0/inst/mult_result0/PCOUT[14]
                         net (fo=1, routed)           0.002     9.907    system_i/dds_phase_corrector_0/inst/mult_result0_n_139
    DSP48_X0Y15          DSP48E1                                      r  system_i/dds_phase_corrector_0/inst/mult_result_reg/PCIN[14]
  -------------------------------------------------------------------    -------------------

                         (clock adc_clk rise edge)    8.000     8.000 r  
    U18                                               0.000     8.000 r  adc_clk_p_i (IN)
                         net (fo=0)                   0.000     8.000    system_i/DataAcquisition/axis_red_pitaya_adc_0/inst/adc_clk_p
    U18                  IBUFDS (Prop_ibufds_I_O)     0.940     8.940 r  system_i/DataAcquisition/axis_red_pitaya_adc_0/inst/adc_clk_inst0/O
                         net (fo=1, routed)           1.880    10.820    system_i/DataAcquisition/axis_red_pitaya_adc_0/inst/int_clk0
    BUFGCTRL_X0Y1        BUFG (Prop_bufg_I_O)         0.092    10.912 r  system_i/DataAcquisition/axis_red_pitaya_adc_0/inst/adc_clk_inst/O
                         net (fo=1363, routed)        1.594    12.506    system_i/dds_phase_corrector_0/inst/clk
    DSP48_X0Y15          DSP48E1                                      r  system_i/dds_phase_corrector_0/inst/mult_result_reg/CLK
                         clock pessimism              0.000    12.506    
                         clock uncertainty           -0.125    12.381    
    DSP48_X0Y15          DSP48E1 (Setup_dsp48e1_CLK_PCIN[14])
                                                     -1.400    10.981    system_i/dds_phase_corrector_0/inst/mult_result_reg
  -------------------------------------------------------------------
                         required time                         10.981    
                         arrival time                          -9.907    
  -------------------------------------------------------------------
                         slack                                  1.074    

Slack (MET) :             1.074ns  (required time - arrival time)
  Source:                 system_i/scaling_gpio/U0/gpio_core_1/Not_Dual.gpio_Data_Out_reg[24]/C
                            (rising edge-triggered cell FDRE clocked by clk_fpga_0  {rise@0.000ns fall@4.000ns period=8.000ns})
  Destination:            system_i/dds_phase_corrector_0/inst/mult_result_reg/PCIN[15]
                            (rising edge-triggered cell DSP48E1 clocked by adc_clk  {rise@0.000ns fall@4.000ns period=8.000ns})
  Path Group:             adc_clk
  Path Type:              Setup (Max at Slow Process Corner)
  Requirement:            8.000ns  (adc_clk rise@8.000ns - clk_fpga_0 rise@0.000ns)
  Data Path Delay:        6.923ns  (logic 4.632ns (66.909%)  route 2.291ns (33.091%))
  Logic Levels:           2  (DSP48E1=1 LUT1=1)
  Clock Path Skew:        1.522ns (DCD - SCD + CPR)
    Destination Clock Delay (DCD):    4.506ns = ( 12.506 - 8.000 ) 
    Source Clock Delay      (SCD):    2.984ns
    Clock Pessimism Removal (CPR):    0.000ns
  Clock Uncertainty:      0.125ns  ((TSJ^2 + TIJ^2)^1/2 + DJ) / 2 + PE
    Total System Jitter     (TSJ):    0.071ns
    Total Input Jitter      (TIJ):    0.240ns
    Discrete Jitter          (DJ):    0.000ns
    Phase Error              (PE):    0.000ns
  Clock Domain Crossing:  Inter clock paths are considered valid unless explicitly excluded by timing constraints such as set_clock_groups or set_false_path.

    Location             Delay type                Incr(ns)  Path(ns)    Netlist Resource(s)
  -------------------------------------------------------------------    -------------------
                         (clock clk_fpga_0 rise edge)
                                                      0.000     0.000 r  
    PS7_X0Y0             PS7                          0.000     0.000 r  system_i/PS7/processing_system7_0/inst/PS7_i/FCLKCLK[0]
                         net (fo=1, routed)           1.207     1.207    system_i/PS7/processing_system7_0/inst/FCLK_CLK_unbuffered[0]
    BUFGCTRL_X0Y0        BUFG (Prop_bufg_I_O)         0.101     1.308 r  system_i/PS7/processing_system7_0/inst/buffer_fclk_clk_0.FCLK_CLK_0_BUFG/O
                         net (fo=1531, routed)        1.676     2.984    system_i/scaling_gpio/U0/gpio_core_1/s_axi_aclk
    SLICE_X9Y36          FDRE                                         r  system_i/scaling_gpio/U0/gpio_core_1/Not_Dual.gpio_Data_Out_reg[24]/C
  -------------------------------------------------------------------    -------------------
    SLICE_X9Y36          FDRE (Prop_fdre_C_Q)         0.456     3.440 r  system_i/scaling_gpio/U0/gpio_core_1/Not_Dual.gpio_Data_Out_reg[24]/Q
                         net (fo=2, routed)           1.155     4.595    system_i/scaling_gpio/U0/gpio_core_1/gpio_io_o[7]
    SLICE_X9Y52          LUT1 (Prop_lut1_I0_O)        0.117     4.712 r  system_i/scaling_gpio/U0/gpio_core_1/gpio_io_o[7]_hold_fix/O
                         net (fo=2, routed)           1.133     5.846    system_i/dds_phase_corrector_0/inst/gpio_io_o[7]_hold_fix_1_alias
    DSP48_X0Y14          DSP48E1 (Prop_dsp48e1_B[7]_PCOUT[15])
                                                      4.059     9.905 r  system_i/dds_phase_corrector_0/inst/mult_result0/PCOUT[15]
                         net (fo=1, routed)           0.002     9.907    system_i/dds_phase_corrector_0/inst/mult_result0_n_138
    DSP48_X0Y15          DSP48E1                                      r  system_i/dds_phase_corrector_0/inst/mult_result_reg/PCIN[15]
  -------------------------------------------------------------------    -------------------

                         (clock adc_clk rise edge)    8.000     8.000 r  
    U18                                               0.000     8.000 r  adc_clk_p_i (IN)
                         net (fo=0)                   0.000     8.000    system_i/DataAcquisition/axis_red_pitaya_adc_0/inst/adc_clk_p
    U18                  IBUFDS (Prop_ibufds_I_O)     0.940     8.940 r  system_i/DataAcquisition/axis_red_pitaya_adc_0/inst/adc_clk_inst0/O
                         net (fo=1, routed)           1.880    10.820    system_i/DataAcquisition/axis_red_pitaya_adc_0/inst/int_clk0
    BUFGCTRL_X0Y1        BUFG (Prop_bufg_I_O)         0.092    10.912 r  system_i/DataAcquisition/axis_red_pitaya_adc_0/inst/adc_clk_inst/O
                         net (fo=1363, routed)        1.594    12.506    system_i/dds_phase_corrector_0/inst/clk
    DSP48_X0Y15          DSP48E1                                      r  system_i/dds_phase_corrector_0/inst/mult_result_reg/CLK
                         clock pessimism              0.000    12.506    
                         clock uncertainty           -0.125    12.381    
    DSP48_X0Y15          DSP48E1 (Setup_dsp48e1_CLK_PCIN[15])
                                                     -1.400    10.981    system_i/dds_phase_corrector_0/inst/mult_result_reg
  -------------------------------------------------------------------
                         required time                         10.981    
                         arrival time                          -9.907    
  -------------------------------------------------------------------
                         slack                                  1.074    

Slack (MET) :             1.074ns  (required time - arrival time)
  Source:                 system_i/scaling_gpio/U0/gpio_core_1/Not_Dual.gpio_Data_Out_reg[24]/C
                            (rising edge-triggered cell FDRE clocked by clk_fpga_0  {rise@0.000ns fall@4.000ns period=8.000ns})
  Destination:            system_i/dds_phase_corrector_0/inst/mult_result_reg/PCIN[16]
                            (rising edge-triggered cell DSP48E1 clocked by adc_clk  {rise@0.000ns fall@4.000ns period=8.000ns})
  Path Group:             adc_clk
  Path Type:              Setup (Max at Slow Process Corner)
  Requirement:            8.000ns  (adc_clk rise@8.000ns - clk_fpga_0 rise@0.000ns)
  Data Path Delay:        6.923ns  (logic 4.632ns (66.909%)  route 2.291ns (33.091%))
  Logic Levels:           2  (DSP48E1=1 LUT1=1)
  Clock Path Skew:        1.522ns (DCD - SCD + CPR)
    Destination Clock Delay (DCD):    4.506ns = ( 12.506 - 8.000 ) 
    Source Clock Delay      (SCD):    2.984ns
    Clock Pessimism Removal (CPR):    0.000ns
  Clock Uncertainty:      0.125ns  ((TSJ^2 + TIJ^2)^1/2 + DJ) / 2 + PE
    Total System Jitter     (TSJ):    0.071ns
    Total Input Jitter      (TIJ):    0.240ns
    Discrete Jitter          (DJ):    0.000ns
    Phase Error              (PE):    0.000ns
  Clock Domain Crossing:  Inter clock paths are considered valid unless explicitly excluded by timing constraints such as set_clock_groups or set_false_path.

    Location             Delay type                Incr(ns)  Path(ns)    Netlist Resource(s)
  -------------------------------------------------------------------    -------------------
                         (clock clk_fpga_0 rise edge)
                                                      0.000     0.000 r  
    PS7_X0Y0             PS7                          0.000     0.000 r  system_i/PS7/processing_system7_0/inst/PS7_i/FCLKCLK[0]
                         net (fo=1, routed)           1.207     1.207    system_i/PS7/processing_system7_0/inst/FCLK_CLK_unbuffered[0]
    BUFGCTRL_X0Y0        BUFG (Prop_bufg_I_O)         0.101     1.308 r  system_i/PS7/processing_system7_0/inst/buffer_fclk_clk_0.FCLK_CLK_0_BUFG/O
                         net (fo=1531, routed)        1.676     2.984    system_i/scaling_gpio/U0/gpio_core_1/s_axi_aclk
    SLICE_X9Y36          FDRE                                         r  system_i/scaling_gpio/U0/gpio_core_1/Not_Dual.gpio_Data_Out_reg[24]/C
  -------------------------------------------------------------------    -------------------
    SLICE_X9Y36          FDRE (Prop_fdre_C_Q)         0.456     3.440 r  system_i/scaling_gpio/U0/gpio_core_1/Not_Dual.gpio_Data_Out_reg[24]/Q
                         net (fo=2, routed)           1.155     4.595    system_i/scaling_gpio/U0/gpio_core_1/gpio_io_o[7]
    SLICE_X9Y52          LUT1 (Prop_lut1_I0_O)        0.117     4.712 r  system_i/scaling_gpio/U0/gpio_core_1/gpio_io_o[7]_hold_fix/O
                         net (fo=2, routed)           1.133     5.846    system_i/dds_phase_corrector_0/inst/gpio_io_o[7]_hold_fix_1_alias
    DSP48_X0Y14          DSP48E1 (Prop_dsp48e1_B[7]_PCOUT[16])
                                                      4.059     9.905 r  system_i/dds_phase_corrector_0/inst/mult_result0/PCOUT[16]
                         net (fo=1, routed)           0.002     9.907    system_i/dds_phase_corrector_0/inst/mult_result0_n_137
    DSP48_X0Y15          DSP48E1                                      r  system_i/dds_phase_corrector_0/inst/mult_result_reg/PCIN[16]
  -------------------------------------------------------------------    -------------------

                         (clock adc_clk rise edge)    8.000     8.000 r  
    U18                                               0.000     8.000 r  adc_clk_p_i (IN)
                         net (fo=0)                   0.000     8.000    system_i/DataAcquisition/axis_red_pitaya_adc_0/inst/adc_clk_p
    U18                  IBUFDS (Prop_ibufds_I_O)     0.940     8.940 r  system_i/DataAcquisition/axis_red_pitaya_adc_0/inst/adc_clk_inst0/O
                         net (fo=1, routed)           1.880    10.820    system_i/DataAcquisition/axis_red_pitaya_adc_0/inst/int_clk0
    BUFGCTRL_X0Y1        BUFG (Prop_bufg_I_O)         0.092    10.912 r  system_i/DataAcquisition/axis_red_pitaya_adc_0/inst/adc_clk_inst/O
                         net (fo=1363, routed)        1.594    12.506    system_i/dds_phase_corrector_0/inst/clk
    DSP48_X0Y15          DSP48E1                                      r  system_i/dds_phase_corrector_0/inst/mult_result_reg/CLK
                         clock pessimism              0.000    12.506    
                         clock uncertainty           -0.125    12.381    
    DSP48_X0Y15          DSP48E1 (Setup_dsp48e1_CLK_PCIN[16])
                                                     -1.400    10.981    system_i/dds_phase_corrector_0/inst/mult_result_reg
  -------------------------------------------------------------------
                         required time                         10.981    
                         arrival time                          -9.907    
  -------------------------------------------------------------------
                         slack                                  1.074    

Slack (MET) :             1.074ns  (required time - arrival time)
  Source:                 system_i/scaling_gpio/U0/gpio_core_1/Not_Dual.gpio_Data_Out_reg[24]/C
                            (rising edge-triggered cell FDRE clocked by clk_fpga_0  {rise@0.000ns fall@4.000ns period=8.000ns})
  Destination:            system_i/dds_phase_corrector_0/inst/mult_result_reg/PCIN[17]
                            (rising edge-triggered cell DSP48E1 clocked by adc_clk  {rise@0.000ns fall@4.000ns period=8.000ns})
  Path Group:             adc_clk
  Path Type:              Setup (Max at Slow Process Corner)
  Requirement:            8.000ns  (adc_clk rise@8.000ns - clk_fpga_0 rise@0.000ns)
  Data Path Delay:        6.923ns  (logic 4.632ns (66.909%)  route 2.291ns (33.091%))
  Logic Levels:           2  (DSP48E1=1 LUT1=1)
  Clock Path Skew:        1.522ns (DCD - SCD + CPR)
    Destination Clock Delay (DCD):    4.506ns = ( 12.506 - 8.000 ) 
    Source Clock Delay      (SCD):    2.984ns
    Clock Pessimism Removal (CPR):    0.000ns
  Clock Uncertainty:      0.125ns  ((TSJ^2 + TIJ^2)^1/2 + DJ) / 2 + PE
    Total System Jitter     (TSJ):    0.071ns
    Total Input Jitter      (TIJ):    0.240ns
    Discrete Jitter          (DJ):    0.000ns
    Phase Error              (PE):    0.000ns
  Clock Domain Crossing:  Inter clock paths are considered valid unless explicitly excluded by timing constraints such as set_clock_groups or set_false_path.

    Location             Delay type                Incr(ns)  Path(ns)    Netlist Resource(s)
  -------------------------------------------------------------------    -------------------
                         (clock clk_fpga_0 rise edge)
                                                      0.000     0.000 r  
    PS7_X0Y0             PS7                          0.000     0.000 r  system_i/PS7/processing_system7_0/inst/PS7_i/FCLKCLK[0]
                         net (fo=1, routed)           1.207     1.207    system_i/PS7/processing_system7_0/inst/FCLK_CLK_unbuffered[0]
    BUFGCTRL_X0Y0        BUFG (Prop_bufg_I_O)         0.101     1.308 r  system_i/PS7/processing_system7_0/inst/buffer_fclk_clk_0.FCLK_CLK_0_BUFG/O
                         net (fo=1531, routed)        1.676     2.984    system_i/scaling_gpio/U0/gpio_core_1/s_axi_aclk
    SLICE_X9Y36          FDRE                                         r  system_i/scaling_gpio/U0/gpio_core_1/Not_Dual.gpio_Data_Out_reg[24]/C
  -------------------------------------------------------------------    -------------------
    SLICE_X9Y36          FDRE (Prop_fdre_C_Q)         0.456     3.440 r  system_i/scaling_gpio/U0/gpio_core_1/Not_Dual.gpio_Data_Out_reg[24]/Q
                         net (fo=2, routed)           1.155     4.595    system_i/scaling_gpio/U0/gpio_core_1/gpio_io_o[7]
    SLICE_X9Y52          LUT1 (Prop_lut1_I0_O)        0.117     4.712 r  system_i/scaling_gpio/U0/gpio_core_1/gpio_io_o[7]_hold_fix/O
                         net (fo=2, routed)           1.133     5.846    system_i/dds_phase_corrector_0/inst/gpio_io_o[7]_hold_fix_1_alias
    DSP48_X0Y14          DSP48E1 (Prop_dsp48e1_B[7]_PCOUT[17])
                                                      4.059     9.905 r  system_i/dds_phase_corrector_0/inst/mult_result0/PCOUT[17]
                         net (fo=1, routed)           0.002     9.907    system_i/dds_phase_corrector_0/inst/mult_result0_n_136
    DSP48_X0Y15          DSP48E1                                      r  system_i/dds_phase_corrector_0/inst/mult_result_reg/PCIN[17]
  -------------------------------------------------------------------    -------------------

                         (clock adc_clk rise edge)    8.000     8.000 r  
    U18                                               0.000     8.000 r  adc_clk_p_i (IN)
                         net (fo=0)                   0.000     8.000    system_i/DataAcquisition/axis_red_pitaya_adc_0/inst/adc_clk_p
    U18                  IBUFDS (Prop_ibufds_I_O)     0.940     8.940 r  system_i/DataAcquisition/axis_red_pitaya_adc_0/inst/adc_clk_inst0/O
                         net (fo=1, routed)           1.880    10.820    system_i/DataAcquisition/axis_red_pitaya_adc_0/inst/int_clk0
    BUFGCTRL_X0Y1        BUFG (Prop_bufg_I_O)         0.092    10.912 r  system_i/DataAcquisition/axis_red_pitaya_adc_0/inst/adc_clk_inst/O
                         net (fo=1363, routed)        1.594    12.506    system_i/dds_phase_corrector_0/inst/clk
    DSP48_X0Y15          DSP48E1                                      r  system_i/dds_phase_corrector_0/inst/mult_result_reg/CLK
                         clock pessimism              0.000    12.506    
                         clock uncertainty           -0.125    12.381    
    DSP48_X0Y15          DSP48E1 (Setup_dsp48e1_CLK_PCIN[17])
                                                     -1.400    10.981    system_i/dds_phase_corrector_0/inst/mult_result_reg
  -------------------------------------------------------------------
                         required time                         10.981    
                         arrival time                          -9.907    
  -------------------------------------------------------------------
                         slack                                  1.074    

Slack (MET) :             1.074ns  (required time - arrival time)
  Source:                 system_i/scaling_gpio/U0/gpio_core_1/Not_Dual.gpio_Data_Out_reg[24]/C
                            (rising edge-triggered cell FDRE clocked by clk_fpga_0  {rise@0.000ns fall@4.000ns period=8.000ns})
  Destination:            system_i/dds_phase_corrector_0/inst/mult_result_reg/PCIN[18]
                            (rising edge-triggered cell DSP48E1 clocked by adc_clk  {rise@0.000ns fall@4.000ns period=8.000ns})
  Path Group:             adc_clk
  Path Type:              Setup (Max at Slow Process Corner)
  Requirement:            8.000ns  (adc_clk rise@8.000ns - clk_fpga_0 rise@0.000ns)
  Data Path Delay:        6.923ns  (logic 4.632ns (66.909%)  route 2.291ns (33.091%))
  Logic Levels:           2  (DSP48E1=1 LUT1=1)
  Clock Path Skew:        1.522ns (DCD - SCD + CPR)
    Destination Clock Delay (DCD):    4.506ns = ( 12.506 - 8.000 ) 
    Source Clock Delay      (SCD):    2.984ns
    Clock Pessimism Removal (CPR):    0.000ns
  Clock Uncertainty:      0.125ns  ((TSJ^2 + TIJ^2)^1/2 + DJ) / 2 + PE
    Total System Jitter     (TSJ):    0.071ns
    Total Input Jitter      (TIJ):    0.240ns
    Discrete Jitter          (DJ):    0.000ns
    Phase Error              (PE):    0.000ns
  Clock Domain Crossing:  Inter clock paths are considered valid unless explicitly excluded by timing constraints such as set_clock_groups or set_false_path.

    Location             Delay type                Incr(ns)  Path(ns)    Netlist Resource(s)
  -------------------------------------------------------------------    -------------------
                         (clock clk_fpga_0 rise edge)
                                                      0.000     0.000 r  
    PS7_X0Y0             PS7                          0.000     0.000 r  system_i/PS7/processing_system7_0/inst/PS7_i/FCLKCLK[0]
                         net (fo=1, routed)           1.207     1.207    system_i/PS7/processing_system7_0/inst/FCLK_CLK_unbuffered[0]
    BUFGCTRL_X0Y0        BUFG (Prop_bufg_I_O)         0.101     1.308 r  system_i/PS7/processing_system7_0/inst/buffer_fclk_clk_0.FCLK_CLK_0_BUFG/O
                         net (fo=1531, routed)        1.676     2.984    system_i/scaling_gpio/U0/gpio_core_1/s_axi_aclk
    SLICE_X9Y36          FDRE                                         r  system_i/scaling_gpio/U0/gpio_core_1/Not_Dual.gpio_Data_Out_reg[24]/C
  -------------------------------------------------------------------    -------------------
    SLICE_X9Y36          FDRE (Prop_fdre_C_Q)         0.456     3.440 r  system_i/scaling_gpio/U0/gpio_core_1/Not_Dual.gpio_Data_Out_reg[24]/Q
                         net (fo=2, routed)           1.155     4.595    system_i/scaling_gpio/U0/gpio_core_1/gpio_io_o[7]
    SLICE_X9Y52          LUT1 (Prop_lut1_I0_O)        0.117     4.712 r  system_i/scaling_gpio/U0/gpio_core_1/gpio_io_o[7]_hold_fix/O
                         net (fo=2, routed)           1.133     5.846    system_i/dds_phase_corrector_0/inst/gpio_io_o[7]_hold_fix_1_alias
    DSP48_X0Y14          DSP48E1 (Prop_dsp48e1_B[7]_PCOUT[18])
                                                      4.059     9.905 r  system_i/dds_phase_corrector_0/inst/mult_result0/PCOUT[18]
                         net (fo=1, routed)           0.002     9.907    system_i/dds_phase_corrector_0/inst/mult_result0_n_135
    DSP48_X0Y15          DSP48E1                                      r  system_i/dds_phase_corrector_0/inst/mult_result_reg/PCIN[18]
  -------------------------------------------------------------------    -------------------

                         (clock adc_clk rise edge)    8.000     8.000 r  
    U18                                               0.000     8.000 r  adc_clk_p_i (IN)
                         net (fo=0)                   0.000     8.000    system_i/DataAcquisition/axis_red_pitaya_adc_0/inst/adc_clk_p
    U18                  IBUFDS (Prop_ibufds_I_O)     0.940     8.940 r  system_i/DataAcquisition/axis_red_pitaya_adc_0/inst/adc_clk_inst0/O
                         net (fo=1, routed)           1.880    10.820    system_i/DataAcquisition/axis_red_pitaya_adc_0/inst/int_clk0
    BUFGCTRL_X0Y1        BUFG (Prop_bufg_I_O)         0.092    10.912 r  system_i/DataAcquisition/axis_red_pitaya_adc_0/inst/adc_clk_inst/O
                         net (fo=1363, routed)        1.594    12.506    system_i/dds_phase_corrector_0/inst/clk
    DSP48_X0Y15          DSP48E1                                      r  system_i/dds_phase_corrector_0/inst/mult_result_reg/CLK
                         clock pessimism              0.000    12.506    
                         clock uncertainty           -0.125    12.381    
    DSP48_X0Y15          DSP48E1 (Setup_dsp48e1_CLK_PCIN[18])
                                                     -1.400    10.981    system_i/dds_phase_corrector_0/inst/mult_result_reg
  -------------------------------------------------------------------
                         required time                         10.981    
                         arrival time                          -9.907    
  -------------------------------------------------------------------
                         slack                                  1.074    





Min Delay Paths
--------------------------------------------------------------------------------------
Slack (MET) :             0.165ns  (arrival time - required time)
  Source:                 system_i/scaling_gpio/U0/gpio_core_1/Not_Dual.gpio_Data_Out_reg[20]/C
                            (rising edge-triggered cell FDRE clocked by clk_fpga_0  {rise@0.000ns fall@4.000ns period=8.000ns})
  Destination:            system_i/dds_phase_corrector_0/inst/mult_result_reg/A[11]
                            (rising edge-triggered cell DSP48E1 clocked by adc_clk  {rise@0.000ns fall@4.000ns period=8.000ns})
  Path Group:             adc_clk
  Path Type:              Hold (Min at Fast Process Corner)
  Requirement:            0.000ns  (adc_clk rise@0.000ns - clk_fpga_0 rise@0.000ns)
  Data Path Delay:        1.000ns  (logic 0.186ns (18.606%)  route 0.814ns (81.394%))
  Logic Levels:           1  (LUT1=1)
  Clock Path Skew:        1.165ns (DCD - SCD - CPR)
    Destination Clock Delay (DCD):    2.067ns
    Source Clock Delay      (SCD):    0.903ns
    Clock Pessimism Removal (CPR):    -0.000ns
  Clock Uncertainty:      0.125ns  ((TSJ^2 + TIJ^2)^1/2 + DJ) / 2 + PE
    Total System Jitter     (TSJ):    0.071ns
    Total Input Jitter      (TIJ):    0.240ns
    Discrete Jitter          (DJ):    0.000ns
    Phase Error              (PE):    0.000ns
  Clock Domain Crossing:  Inter clock paths are considered valid unless explicitly excluded by timing constraints such as set_clock_groups or set_false_path.

    Location             Delay type                Incr(ns)  Path(ns)    Netlist Resource(s)
  -------------------------------------------------------------------    -------------------
                         (clock clk_fpga_0 rise edge)
                                                      0.000     0.000 r  
    PS7_X0Y0             PS7                          0.000     0.000 r  system_i/PS7/processing_system7_0/inst/PS7_i/FCLKCLK[0]
                         net (fo=1, routed)           0.315     0.315    system_i/PS7/processing_system7_0/inst/FCLK_CLK_unbuffered[0]
    BUFGCTRL_X0Y0        BUFG (Prop_bufg_I_O)         0.026     0.341 r  system_i/PS7/processing_system7_0/inst/buffer_fclk_clk_0.FCLK_CLK_0_BUFG/O
                         net (fo=1531, routed)        0.562     0.903    system_i/scaling_gpio/U0/gpio_core_1/s_axi_aclk
    SLICE_X9Y36          FDRE                                         r  system_i/scaling_gpio/U0/gpio_core_1/Not_Dual.gpio_Data_Out_reg[20]/C
  -------------------------------------------------------------------    -------------------
    SLICE_X9Y36          FDRE (Prop_fdre_C_Q)         0.141     1.044 r  system_i/scaling_gpio/U0/gpio_core_1/Not_Dual.gpio_Data_Out_reg[20]/Q
                         net (fo=2, routed)           0.383     1.427    system_i/scaling_gpio/U0/gpio_core_1/gpio_io_o[11]
    SLICE_X9Y52          LUT1 (Prop_lut1_I0_O)        0.045     1.472 r  system_i/scaling_gpio/U0/gpio_core_1/gpio_io_o[11]_hold_fix/O
                         net (fo=2, routed)           0.430     1.902    system_i/dds_phase_corrector_0/inst/gpio_io_o[11]_hold_fix_1_alias
    DSP48_X0Y15          DSP48E1                                      r  system_i/dds_phase_corrector_0/inst/mult_result_reg/A[11]
  -------------------------------------------------------------------    -------------------

                         (clock adc_clk rise edge)    0.000     0.000 r  
    U18                                               0.000     0.000 r  adc_clk_p_i (IN)
                         net (fo=0)                   0.000     0.000    system_i/DataAcquisition/axis_red_pitaya_adc_0/inst/adc_clk_p
    U18                  IBUFDS (Prop_ibufds_I_O)     0.433     0.433 r  system_i/DataAcquisition/axis_red_pitaya_adc_0/inst/adc_clk_inst0/O
                         net (fo=1, routed)           0.683     1.116    system_i/DataAcquisition/axis_red_pitaya_adc_0/inst/int_clk0
    BUFGCTRL_X0Y1        BUFG (Prop_bufg_I_O)         0.030     1.146 r  system_i/DataAcquisition/axis_red_pitaya_adc_0/inst/adc_clk_inst/O
                         net (fo=1363, routed)        0.922     2.067    system_i/dds_phase_corrector_0/inst/clk
    DSP48_X0Y15          DSP48E1                                      r  system_i/dds_phase_corrector_0/inst/mult_result_reg/CLK
                         clock pessimism              0.000     2.067    
                         clock uncertainty            0.125     2.192    
    DSP48_X0Y15          DSP48E1 (Hold_dsp48e1_CLK_A[11])
                                                     -0.455     1.737    system_i/dds_phase_corrector_0/inst/mult_result_reg
  -------------------------------------------------------------------
                         required time                         -1.737    
                         arrival time                           1.902    
  -------------------------------------------------------------------
                         slack                                  0.165    

Slack (MET) :             0.236ns  (arrival time - required time)
  Source:                 system_i/scaling_gpio/U0/gpio_core_1/Not_Dual.gpio_Data_Out_reg[19]/C
                            (rising edge-triggered cell FDRE clocked by clk_fpga_0  {rise@0.000ns fall@4.000ns period=8.000ns})
  Destination:            system_i/dds_phase_corrector_0/inst/mult_result_reg/PCIN[0]
                            (rising edge-triggered cell DSP48E1 clocked by adc_clk  {rise@0.000ns fall@4.000ns period=8.000ns})
  Path Group:             adc_clk
  Path Type:              Hold (Min at Fast Process Corner)
  Requirement:            0.000ns  (adc_clk rise@0.000ns - clk_fpga_0 rise@0.000ns)
  Data Path Delay:        1.431ns  (logic 0.774ns (54.075%)  route 0.657ns (45.925%))
  Logic Levels:           1  (DSP48E1=1)
  Clock Path Skew:        1.162ns (DCD - SCD - CPR)
    Destination Clock Delay (DCD):    2.067ns
    Source Clock Delay      (SCD):    0.906ns
    Clock Pessimism Removal (CPR):    -0.000ns
  Clock Uncertainty:      0.125ns  ((TSJ^2 + TIJ^2)^1/2 + DJ) / 2 + PE
    Total System Jitter     (TSJ):    0.071ns
    Total Input Jitter      (TIJ):    0.240ns
    Discrete Jitter          (DJ):    0.000ns
    Phase Error              (PE):    0.000ns
  Clock Domain Crossing:  Inter clock paths are considered valid unless explicitly excluded by timing constraints such as set_clock_groups or set_false_path.

    Location             Delay type                Incr(ns)  Path(ns)    Netlist Resource(s)
  -------------------------------------------------------------------    -------------------
                         (clock clk_fpga_0 rise edge)
                                                      0.000     0.000 r  
    PS7_X0Y0             PS7                          0.000     0.000 r  system_i/PS7/processing_system7_0/inst/PS7_i/FCLKCLK[0]
                         net (fo=1, routed)           0.315     0.315    system_i/PS7/processing_system7_0/inst/FCLK_CLK_unbuffered[0]
    BUFGCTRL_X0Y0        BUFG (Prop_bufg_I_O)         0.026     0.341 r  system_i/PS7/processing_system7_0/inst/buffer_fclk_clk_0.FCLK_CLK_0_BUFG/O
                         net (fo=1531, routed)        0.565     0.906    system_i/scaling_gpio/U0/gpio_core_1/s_axi_aclk
    SLICE_X9Y42          FDRE                                         r  system_i/scaling_gpio/U0/gpio_core_1/Not_Dual.gpio_Data_Out_reg[19]/C
  -------------------------------------------------------------------    -------------------
    SLICE_X9Y42          FDRE (Prop_fdre_C_Q)         0.128     1.034 r  system_i/scaling_gpio/U0/gpio_core_1/Not_Dual.gpio_Data_Out_reg[19]/Q
                         net (fo=3, routed)           0.655     1.689    system_i/dds_phase_corrector_0/inst/scale_in[12]
    DSP48_X0Y14          DSP48E1 (Prop_dsp48e1_B[12]_PCOUT[0])
                                                      0.646     2.335 r  system_i/dds_phase_corrector_0/inst/mult_result0/PCOUT[0]
                         net (fo=1, routed)           0.002     2.337    system_i/dds_phase_corrector_0/inst/mult_result0_n_153
    DSP48_X0Y15          DSP48E1                                      r  system_i/dds_phase_corrector_0/inst/mult_result_reg/PCIN[0]
  -------------------------------------------------------------------    -------------------

                         (clock adc_clk rise edge)    0.000     0.000 r  
    U18                                               0.000     0.000 r  adc_clk_p_i (IN)
                         net (fo=0)                   0.000     0.000    system_i/DataAcquisition/axis_red_pitaya_adc_0/inst/adc_clk_p
    U18                  IBUFDS (Prop_ibufds_I_O)     0.433     0.433 r  system_i/DataAcquisition/axis_red_pitaya_adc_0/inst/adc_clk_inst0/O
                         net (fo=1, routed)           0.683     1.116    system_i/DataAcquisition/axis_red_pitaya_adc_0/inst/int_clk0
    BUFGCTRL_X0Y1        BUFG (Prop_bufg_I_O)         0.030     1.146 r  system_i/DataAcquisition/axis_red_pitaya_adc_0/inst/adc_clk_inst/O
                         net (fo=1363, routed)        0.922     2.067    system_i/dds_phase_corrector_0/inst/clk
    DSP48_X0Y15          DSP48E1                                      r  system_i/dds_phase_corrector_0/inst/mult_result_reg/CLK
                         clock pessimism              0.000     2.067    
                         clock uncertainty            0.125     2.192    
    DSP48_X0Y15          DSP48E1 (Hold_dsp48e1_CLK_PCIN[0])
                                                     -0.092     2.100    system_i/dds_phase_corrector_0/inst/mult_result_reg
  -------------------------------------------------------------------
                         required time                         -2.100    
                         arrival time                           2.337    
  -------------------------------------------------------------------
                         slack                                  0.236    

Slack (MET) :             0.236ns  (arrival time - required time)
  Source:                 system_i/scaling_gpio/U0/gpio_core_1/Not_Dual.gpio_Data_Out_reg[19]/C
                            (rising edge-triggered cell FDRE clocked by clk_fpga_0  {rise@0.000ns fall@4.000ns period=8.000ns})
  Destination:            system_i/dds_phase_corrector_0/inst/mult_result_reg/PCIN[10]
                            (rising edge-triggered cell DSP48E1 clocked by adc_clk  {rise@0.000ns fall@4.000ns period=8.000ns})
  Path Group:             adc_clk
  Path Type:              Hold (Min at Fast Process Corner)
  Requirement:            0.000ns  (adc_clk rise@0.000ns - clk_fpga_0 rise@0.000ns)
  Data Path Delay:        1.431ns  (logic 0.774ns (54.075%)  route 0.657ns (45.925%))
  Logic Levels:           1  (DSP48E1=1)
  Clock Path Skew:        1.162ns (DCD - SCD - CPR)
    Destination Clock Delay (DCD):    2.067ns
    Source Clock Delay      (SCD):    0.906ns
    Clock Pessimism Removal (CPR):    -0.000ns
  Clock Uncertainty:      0.125ns  ((TSJ^2 + TIJ^2)^1/2 + DJ) / 2 + PE
    Total System Jitter     (TSJ):    0.071ns
    Total Input Jitter      (TIJ):    0.240ns
    Discrete Jitter          (DJ):    0.000ns
    Phase Error              (PE):    0.000ns
  Clock Domain Crossing:  Inter clock paths are considered valid unless explicitly excluded by timing constraints such as set_clock_groups or set_false_path.

    Location             Delay type                Incr(ns)  Path(ns)    Netlist Resource(s)
  -------------------------------------------------------------------    -------------------
                         (clock clk_fpga_0 rise edge)
                                                      0.000     0.000 r  
    PS7_X0Y0             PS7                          0.000     0.000 r  system_i/PS7/processing_system7_0/inst/PS7_i/FCLKCLK[0]
                         net (fo=1, routed)           0.315     0.315    system_i/PS7/processing_system7_0/inst/FCLK_CLK_unbuffered[0]
    BUFGCTRL_X0Y0        BUFG (Prop_bufg_I_O)         0.026     0.341 r  system_i/PS7/processing_system7_0/inst/buffer_fclk_clk_0.FCLK_CLK_0_BUFG/O
                         net (fo=1531, routed)        0.565     0.906    system_i/scaling_gpio/U0/gpio_core_1/s_axi_aclk
    SLICE_X9Y42          FDRE                                         r  system_i/scaling_gpio/U0/gpio_core_1/Not_Dual.gpio_Data_Out_reg[19]/C
  -------------------------------------------------------------------    -------------------
    SLICE_X9Y42          FDRE (Prop_fdre_C_Q)         0.128     1.034 r  system_i/scaling_gpio/U0/gpio_core_1/Not_Dual.gpio_Data_Out_reg[19]/Q
                         net (fo=3, routed)           0.655     1.689    system_i/dds_phase_corrector_0/inst/scale_in[12]
    DSP48_X0Y14          DSP48E1 (Prop_dsp48e1_B[12]_PCOUT[10])
                                                      0.646     2.335 r  system_i/dds_phase_corrector_0/inst/mult_result0/PCOUT[10]
                         net (fo=1, routed)           0.002     2.337    system_i/dds_phase_corrector_0/inst/mult_result0_n_143
    DSP48_X0Y15          DSP48E1                                      r  system_i/dds_phase_corrector_0/inst/mult_result_reg/PCIN[10]
  -------------------------------------------------------------------    -------------------

                         (clock adc_clk rise edge)    0.000     0.000 r  
    U18                                               0.000     0.000 r  adc_clk_p_i (IN)
                         net (fo=0)                   0.000     0.000    system_i/DataAcquisition/axis_red_pitaya_adc_0/inst/adc_clk_p
    U18                  IBUFDS (Prop_ibufds_I_O)     0.433     0.433 r  system_i/DataAcquisition/axis_red_pitaya_adc_0/inst/adc_clk_inst0/O
                         net (fo=1, routed)           0.683     1.116    system_i/DataAcquisition/axis_red_pitaya_adc_0/inst/int_clk0
    BUFGCTRL_X0Y1        BUFG (Prop_bufg_I_O)         0.030     1.146 r  system_i/DataAcquisition/axis_red_pitaya_adc_0/inst/adc_clk_inst/O
                         net (fo=1363, routed)        0.922     2.067    system_i/dds_phase_corrector_0/inst/clk
    DSP48_X0Y15          DSP48E1                                      r  system_i/dds_phase_corrector_0/inst/mult_result_reg/CLK
                         clock pessimism              0.000     2.067    
                         clock uncertainty            0.125     2.192    
    DSP48_X0Y15          DSP48E1 (Hold_dsp48e1_CLK_PCIN[10])
                                                     -0.092     2.100    system_i/dds_phase_corrector_0/inst/mult_result_reg
  -------------------------------------------------------------------
                         required time                         -2.100    
                         arrival time                           2.337    
  -------------------------------------------------------------------
                         slack                                  0.236    

Slack (MET) :             0.236ns  (arrival time - required time)
  Source:                 system_i/scaling_gpio/U0/gpio_core_1/Not_Dual.gpio_Data_Out_reg[19]/C
                            (rising edge-triggered cell FDRE clocked by clk_fpga_0  {rise@0.000ns fall@4.000ns period=8.000ns})
  Destination:            system_i/dds_phase_corrector_0/inst/mult_result_reg/PCIN[11]
                            (rising edge-triggered cell DSP48E1 clocked by adc_clk  {rise@0.000ns fall@4.000ns period=8.000ns})
  Path Group:             adc_clk
  Path Type:              Hold (Min at Fast Process Corner)
  Requirement:            0.000ns  (adc_clk rise@0.000ns - clk_fpga_0 rise@0.000ns)
  Data Path Delay:        1.431ns  (logic 0.774ns (54.075%)  route 0.657ns (45.925%))
  Logic Levels:           1  (DSP48E1=1)
  Clock Path Skew:        1.162ns (DCD - SCD - CPR)
    Destination Clock Delay (DCD):    2.067ns
    Source Clock Delay      (SCD):    0.906ns
    Clock Pessimism Removal (CPR):    -0.000ns
  Clock Uncertainty:      0.125ns  ((TSJ^2 + TIJ^2)^1/2 + DJ) / 2 + PE
    Total System Jitter     (TSJ):    0.071ns
    Total Input Jitter      (TIJ):    0.240ns
    Discrete Jitter          (DJ):    0.000ns
    Phase Error              (PE):    0.000ns
  Clock Domain Crossing:  Inter clock paths are considered valid unless explicitly excluded by timing constraints such as set_clock_groups or set_false_path.

    Location             Delay type                Incr(ns)  Path(ns)    Netlist Resource(s)
  -------------------------------------------------------------------    -------------------
                         (clock clk_fpga_0 rise edge)
                                                      0.000     0.000 r  
    PS7_X0Y0             PS7                          0.000     0.000 r  system_i/PS7/processing_system7_0/inst/PS7_i/FCLKCLK[0]
                         net (fo=1, routed)           0.315     0.315    system_i/PS7/processing_system7_0/inst/FCLK_CLK_unbuffered[0]
    BUFGCTRL_X0Y0        BUFG (Prop_bufg_I_O)         0.026     0.341 r  system_i/PS7/processing_system7_0/inst/buffer_fclk_clk_0.FCLK_CLK_0_BUFG/O
                         net (fo=1531, routed)        0.565     0.906    system_i/scaling_gpio/U0/gpio_core_1/s_axi_aclk
    SLICE_X9Y42          FDRE                                         r  system_i/scaling_gpio/U0/gpio_core_1/Not_Dual.gpio_Data_Out_reg[19]/C
  -------------------------------------------------------------------    -------------------
    SLICE_X9Y42          FDRE (Prop_fdre_C_Q)         0.128     1.034 r  system_i/scaling_gpio/U0/gpio_core_1/Not_Dual.gpio_Data_Out_reg[19]/Q
                         net (fo=3, routed)           0.655     1.689    system_i/dds_phase_corrector_0/inst/scale_in[12]
    DSP48_X0Y14          DSP48E1 (Prop_dsp48e1_B[12]_PCOUT[11])
                                                      0.646     2.335 r  system_i/dds_phase_corrector_0/inst/mult_result0/PCOUT[11]
                         net (fo=1, routed)           0.002     2.337    system_i/dds_phase_corrector_0/inst/mult_result0_n_142
    DSP48_X0Y15          DSP48E1                                      r  system_i/dds_phase_corrector_0/inst/mult_result_reg/PCIN[11]
  -------------------------------------------------------------------    -------------------

                         (clock adc_clk rise edge)    0.000     0.000 r  
    U18                                               0.000     0.000 r  adc_clk_p_i (IN)
                         net (fo=0)                   0.000     0.000    system_i/DataAcquisition/axis_red_pitaya_adc_0/inst/adc_clk_p
    U18                  IBUFDS (Prop_ibufds_I_O)     0.433     0.433 r  system_i/DataAcquisition/axis_red_pitaya_adc_0/inst/adc_clk_inst0/O
                         net (fo=1, routed)           0.683     1.116    system_i/DataAcquisition/axis_red_pitaya_adc_0/inst/int_clk0
    BUFGCTRL_X0Y1        BUFG (Prop_bufg_I_O)         0.030     1.146 r  system_i/DataAcquisition/axis_red_pitaya_adc_0/inst/adc_clk_inst/O
                         net (fo=1363, routed)        0.922     2.067    system_i/dds_phase_corrector_0/inst/clk
    DSP48_X0Y15          DSP48E1                                      r  system_i/dds_phase_corrector_0/inst/mult_result_reg/CLK
                         clock pessimism              0.000     2.067    
                         clock uncertainty            0.125     2.192    
    DSP48_X0Y15          DSP48E1 (Hold_dsp48e1_CLK_PCIN[11])
                                                     -0.092     2.100    system_i/dds_phase_corrector_0/inst/mult_result_reg
  -------------------------------------------------------------------
                         required time                         -2.100    
                         arrival time                           2.337    
  -------------------------------------------------------------------
                         slack                                  0.236    

Slack (MET) :             0.236ns  (arrival time - required time)
  Source:                 system_i/scaling_gpio/U0/gpio_core_1/Not_Dual.gpio_Data_Out_reg[19]/C
                            (rising edge-triggered cell FDRE clocked by clk_fpga_0  {rise@0.000ns fall@4.000ns period=8.000ns})
  Destination:            system_i/dds_phase_corrector_0/inst/mult_result_reg/PCIN[12]
                            (rising edge-triggered cell DSP48E1 clocked by adc_clk  {rise@0.000ns fall@4.000ns period=8.000ns})
  Path Group:             adc_clk
  Path Type:              Hold (Min at Fast Process Corner)
  Requirement:            0.000ns  (adc_clk rise@0.000ns - clk_fpga_0 rise@0.000ns)
  Data Path Delay:        1.431ns  (logic 0.774ns (54.075%)  route 0.657ns (45.925%))
  Logic Levels:           1  (DSP48E1=1)
  Clock Path Skew:        1.162ns (DCD - SCD - CPR)
    Destination Clock Delay (DCD):    2.067ns
    Source Clock Delay      (SCD):    0.906ns
    Clock Pessimism Removal (CPR):    -0.000ns
  Clock Uncertainty:      0.125ns  ((TSJ^2 + TIJ^2)^1/2 + DJ) / 2 + PE
    Total System Jitter     (TSJ):    0.071ns
    Total Input Jitter      (TIJ):    0.240ns
    Discrete Jitter          (DJ):    0.000ns
    Phase Error              (PE):    0.000ns
  Clock Domain Crossing:  Inter clock paths are considered valid unless explicitly excluded by timing constraints such as set_clock_groups or set_false_path.

    Location             Delay type                Incr(ns)  Path(ns)    Netlist Resource(s)
  -------------------------------------------------------------------    -------------------
                         (clock clk_fpga_0 rise edge)
                                                      0.000     0.000 r  
    PS7_X0Y0             PS7                          0.000     0.000 r  system_i/PS7/processing_system7_0/inst/PS7_i/FCLKCLK[0]
                         net (fo=1, routed)           0.315     0.315    system_i/PS7/processing_system7_0/inst/FCLK_CLK_unbuffered[0]
    BUFGCTRL_X0Y0        BUFG (Prop_bufg_I_O)         0.026     0.341 r  system_i/PS7/processing_system7_0/inst/buffer_fclk_clk_0.FCLK_CLK_0_BUFG/O
                         net (fo=1531, routed)        0.565     0.906    system_i/scaling_gpio/U0/gpio_core_1/s_axi_aclk
    SLICE_X9Y42          FDRE                                         r  system_i/scaling_gpio/U0/gpio_core_1/Not_Dual.gpio_Data_Out_reg[19]/C
  -------------------------------------------------------------------    -------------------
    SLICE_X9Y42          FDRE (Prop_fdre_C_Q)         0.128     1.034 r  system_i/scaling_gpio/U0/gpio_core_1/Not_Dual.gpio_Data_Out_reg[19]/Q
                         net (fo=3, routed)           0.655     1.689    system_i/dds_phase_corrector_0/inst/scale_in[12]
    DSP48_X0Y14          DSP48E1 (Prop_dsp48e1_B[12]_PCOUT[12])
                                                      0.646     2.335 r  system_i/dds_phase_corrector_0/inst/mult_result0/PCOUT[12]
                         net (fo=1, routed)           0.002     2.337    system_i/dds_phase_corrector_0/inst/mult_result0_n_141
    DSP48_X0Y15          DSP48E1                                      r  system_i/dds_phase_corrector_0/inst/mult_result_reg/PCIN[12]
  -------------------------------------------------------------------    -------------------

                         (clock adc_clk rise edge)    0.000     0.000 r  
    U18                                               0.000     0.000 r  adc_clk_p_i (IN)
                         net (fo=0)                   0.000     0.000    system_i/DataAcquisition/axis_red_pitaya_adc_0/inst/adc_clk_p
    U18                  IBUFDS (Prop_ibufds_I_O)     0.433     0.433 r  system_i/DataAcquisition/axis_red_pitaya_adc_0/inst/adc_clk_inst0/O
                         net (fo=1, routed)           0.683     1.116    system_i/DataAcquisition/axis_red_pitaya_adc_0/inst/int_clk0
    BUFGCTRL_X0Y1        BUFG (Prop_bufg_I_O)         0.030     1.146 r  system_i/DataAcquisition/axis_red_pitaya_adc_0/inst/adc_clk_inst/O
                         net (fo=1363, routed)        0.922     2.067    system_i/dds_phase_corrector_0/inst/clk
    DSP48_X0Y15          DSP48E1                                      r  system_i/dds_phase_corrector_0/inst/mult_result_reg/CLK
                         clock pessimism              0.000     2.067    
                         clock uncertainty            0.125     2.192    
    DSP48_X0Y15          DSP48E1 (Hold_dsp48e1_CLK_PCIN[12])
                                                     -0.092     2.100    system_i/dds_phase_corrector_0/inst/mult_result_reg
  -------------------------------------------------------------------
                         required time                         -2.100    
                         arrival time                           2.337    
  -------------------------------------------------------------------
                         slack                                  0.236    

Slack (MET) :             0.236ns  (arrival time - required time)
  Source:                 system_i/scaling_gpio/U0/gpio_core_1/Not_Dual.gpio_Data_Out_reg[19]/C
                            (rising edge-triggered cell FDRE clocked by clk_fpga_0  {rise@0.000ns fall@4.000ns period=8.000ns})
  Destination:            system_i/dds_phase_corrector_0/inst/mult_result_reg/PCIN[13]
                            (rising edge-triggered cell DSP48E1 clocked by adc_clk  {rise@0.000ns fall@4.000ns period=8.000ns})
  Path Group:             adc_clk
  Path Type:              Hold (Min at Fast Process Corner)
  Requirement:            0.000ns  (adc_clk rise@0.000ns - clk_fpga_0 rise@0.000ns)
  Data Path Delay:        1.431ns  (logic 0.774ns (54.075%)  route 0.657ns (45.925%))
  Logic Levels:           1  (DSP48E1=1)
  Clock Path Skew:        1.162ns (DCD - SCD - CPR)
    Destination Clock Delay (DCD):    2.067ns
    Source Clock Delay      (SCD):    0.906ns
    Clock Pessimism Removal (CPR):    -0.000ns
  Clock Uncertainty:      0.125ns  ((TSJ^2 + TIJ^2)^1/2 + DJ) / 2 + PE
    Total System Jitter     (TSJ):    0.071ns
    Total Input Jitter      (TIJ):    0.240ns
    Discrete Jitter          (DJ):    0.000ns
    Phase Error              (PE):    0.000ns
  Clock Domain Crossing:  Inter clock paths are considered valid unless explicitly excluded by timing constraints such as set_clock_groups or set_false_path.

    Location             Delay type                Incr(ns)  Path(ns)    Netlist Resource(s)
  -------------------------------------------------------------------    -------------------
                         (clock clk_fpga_0 rise edge)
                                                      0.000     0.000 r  
    PS7_X0Y0             PS7                          0.000     0.000 r  system_i/PS7/processing_system7_0/inst/PS7_i/FCLKCLK[0]
                         net (fo=1, routed)           0.315     0.315    system_i/PS7/processing_system7_0/inst/FCLK_CLK_unbuffered[0]
    BUFGCTRL_X0Y0        BUFG (Prop_bufg_I_O)         0.026     0.341 r  system_i/PS7/processing_system7_0/inst/buffer_fclk_clk_0.FCLK_CLK_0_BUFG/O
                         net (fo=1531, routed)        0.565     0.906    system_i/scaling_gpio/U0/gpio_core_1/s_axi_aclk
    SLICE_X9Y42          FDRE                                         r  system_i/scaling_gpio/U0/gpio_core_1/Not_Dual.gpio_Data_Out_reg[19]/C
  -------------------------------------------------------------------    -------------------
    SLICE_X9Y42          FDRE (Prop_fdre_C_Q)         0.128     1.034 r  system_i/scaling_gpio/U0/gpio_core_1/Not_Dual.gpio_Data_Out_reg[19]/Q
                         net (fo=3, routed)           0.655     1.689    system_i/dds_phase_corrector_0/inst/scale_in[12]
    DSP48_X0Y14          DSP48E1 (Prop_dsp48e1_B[12]_PCOUT[13])
                                                      0.646     2.335 r  system_i/dds_phase_corrector_0/inst/mult_result0/PCOUT[13]
                         net (fo=1, routed)           0.002     2.337    system_i/dds_phase_corrector_0/inst/mult_result0_n_140
    DSP48_X0Y15          DSP48E1                                      r  system_i/dds_phase_corrector_0/inst/mult_result_reg/PCIN[13]
  -------------------------------------------------------------------    -------------------

                         (clock adc_clk rise edge)    0.000     0.000 r  
    U18                                               0.000     0.000 r  adc_clk_p_i (IN)
                         net (fo=0)                   0.000     0.000    system_i/DataAcquisition/axis_red_pitaya_adc_0/inst/adc_clk_p
    U18                  IBUFDS (Prop_ibufds_I_O)     0.433     0.433 r  system_i/DataAcquisition/axis_red_pitaya_adc_0/inst/adc_clk_inst0/O
                         net (fo=1, routed)           0.683     1.116    system_i/DataAcquisition/axis_red_pitaya_adc_0/inst/int_clk0
    BUFGCTRL_X0Y1        BUFG (Prop_bufg_I_O)         0.030     1.146 r  system_i/DataAcquisition/axis_red_pitaya_adc_0/inst/adc_clk_inst/O
                         net (fo=1363, routed)        0.922     2.067    system_i/dds_phase_corrector_0/inst/clk
    DSP48_X0Y15          DSP48E1                                      r  system_i/dds_phase_corrector_0/inst/mult_result_reg/CLK
                         clock pessimism              0.000     2.067    
                         clock uncertainty            0.125     2.192    
    DSP48_X0Y15          DSP48E1 (Hold_dsp48e1_CLK_PCIN[13])
                                                     -0.092     2.100    system_i/dds_phase_corrector_0/inst/mult_result_reg
  -------------------------------------------------------------------
                         required time                         -2.100    
                         arrival time                           2.337    
  -------------------------------------------------------------------
                         slack                                  0.236    

Slack (MET) :             0.236ns  (arrival time - required time)
  Source:                 system_i/scaling_gpio/U0/gpio_core_1/Not_Dual.gpio_Data_Out_reg[19]/C
                            (rising edge-triggered cell FDRE clocked by clk_fpga_0  {rise@0.000ns fall@4.000ns period=8.000ns})
  Destination:            system_i/dds_phase_corrector_0/inst/mult_result_reg/PCIN[14]
                            (rising edge-triggered cell DSP48E1 clocked by adc_clk  {rise@0.000ns fall@4.000ns period=8.000ns})
  Path Group:             adc_clk
  Path Type:              Hold (Min at Fast Process Corner)
  Requirement:            0.000ns  (adc_clk rise@0.000ns - clk_fpga_0 rise@0.000ns)
  Data Path Delay:        1.431ns  (logic 0.774ns (54.075%)  route 0.657ns (45.925%))
  Logic Levels:           1  (DSP48E1=1)
  Clock Path Skew:        1.162ns (DCD - SCD - CPR)
    Destination Clock Delay (DCD):    2.067ns
    Source Clock Delay      (SCD):    0.906ns
    Clock Pessimism Removal (CPR):    -0.000ns
  Clock Uncertainty:      0.125ns  ((TSJ^2 + TIJ^2)^1/2 + DJ) / 2 + PE
    Total System Jitter     (TSJ):    0.071ns
    Total Input Jitter      (TIJ):    0.240ns
    Discrete Jitter          (DJ):    0.000ns
    Phase Error              (PE):    0.000ns
  Clock Domain Crossing:  Inter clock paths are considered valid unless explicitly excluded by timing constraints such as set_clock_groups or set_false_path.

    Location             Delay type                Incr(ns)  Path(ns)    Netlist Resource(s)
  -------------------------------------------------------------------    -------------------
                         (clock clk_fpga_0 rise edge)
                                                      0.000     0.000 r  
    PS7_X0Y0             PS7                          0.000     0.000 r  system_i/PS7/processing_system7_0/inst/PS7_i/FCLKCLK[0]
                         net (fo=1, routed)           0.315     0.315    system_i/PS7/processing_system7_0/inst/FCLK_CLK_unbuffered[0]
    BUFGCTRL_X0Y0        BUFG (Prop_bufg_I_O)         0.026     0.341 r  system_i/PS7/processing_system7_0/inst/buffer_fclk_clk_0.FCLK_CLK_0_BUFG/O
                         net (fo=1531, routed)        0.565     0.906    system_i/scaling_gpio/U0/gpio_core_1/s_axi_aclk
    SLICE_X9Y42          FDRE                                         r  system_i/scaling_gpio/U0/gpio_core_1/Not_Dual.gpio_Data_Out_reg[19]/C
  -------------------------------------------------------------------    -------------------
    SLICE_X9Y42          FDRE (Prop_fdre_C_Q)         0.128     1.034 r  system_i/scaling_gpio/U0/gpio_core_1/Not_Dual.gpio_Data_Out_reg[19]/Q
                         net (fo=3, routed)           0.655     1.689    system_i/dds_phase_corrector_0/inst/scale_in[12]
    DSP48_X0Y14          DSP48E1 (Prop_dsp48e1_B[12]_PCOUT[14])
                                                      0.646     2.335 r  system_i/dds_phase_corrector_0/inst/mult_result0/PCOUT[14]
                         net (fo=1, routed)           0.002     2.337    system_i/dds_phase_corrector_0/inst/mult_result0_n_139
    DSP48_X0Y15          DSP48E1                                      r  system_i/dds_phase_corrector_0/inst/mult_result_reg/PCIN[14]
  -------------------------------------------------------------------    -------------------

                         (clock adc_clk rise edge)    0.000     0.000 r  
    U18                                               0.000     0.000 r  adc_clk_p_i (IN)
                         net (fo=0)                   0.000     0.000    system_i/DataAcquisition/axis_red_pitaya_adc_0/inst/adc_clk_p
    U18                  IBUFDS (Prop_ibufds_I_O)     0.433     0.433 r  system_i/DataAcquisition/axis_red_pitaya_adc_0/inst/adc_clk_inst0/O
                         net (fo=1, routed)           0.683     1.116    system_i/DataAcquisition/axis_red_pitaya_adc_0/inst/int_clk0
    BUFGCTRL_X0Y1        BUFG (Prop_bufg_I_O)         0.030     1.146 r  system_i/DataAcquisition/axis_red_pitaya_adc_0/inst/adc_clk_inst/O
                         net (fo=1363, routed)        0.922     2.067    system_i/dds_phase_corrector_0/inst/clk
    DSP48_X0Y15          DSP48E1                                      r  system_i/dds_phase_corrector_0/inst/mult_result_reg/CLK
                         clock pessimism              0.000     2.067    
                         clock uncertainty            0.125     2.192    
    DSP48_X0Y15          DSP48E1 (Hold_dsp48e1_CLK_PCIN[14])
                                                     -0.092     2.100    system_i/dds_phase_corrector_0/inst/mult_result_reg
  -------------------------------------------------------------------
                         required time                         -2.100    
                         arrival time                           2.337    
  -------------------------------------------------------------------
                         slack                                  0.236    

Slack (MET) :             0.236ns  (arrival time - required time)
  Source:                 system_i/scaling_gpio/U0/gpio_core_1/Not_Dual.gpio_Data_Out_reg[19]/C
                            (rising edge-triggered cell FDRE clocked by clk_fpga_0  {rise@0.000ns fall@4.000ns period=8.000ns})
  Destination:            system_i/dds_phase_corrector_0/inst/mult_result_reg/PCIN[15]
                            (rising edge-triggered cell DSP48E1 clocked by adc_clk  {rise@0.000ns fall@4.000ns period=8.000ns})
  Path Group:             adc_clk
  Path Type:              Hold (Min at Fast Process Corner)
  Requirement:            0.000ns  (adc_clk rise@0.000ns - clk_fpga_0 rise@0.000ns)
  Data Path Delay:        1.431ns  (logic 0.774ns (54.075%)  route 0.657ns (45.925%))
  Logic Levels:           1  (DSP48E1=1)
  Clock Path Skew:        1.162ns (DCD - SCD - CPR)
    Destination Clock Delay (DCD):    2.067ns
    Source Clock Delay      (SCD):    0.906ns
    Clock Pessimism Removal (CPR):    -0.000ns
  Clock Uncertainty:      0.125ns  ((TSJ^2 + TIJ^2)^1/2 + DJ) / 2 + PE
    Total System Jitter     (TSJ):    0.071ns
    Total Input Jitter      (TIJ):    0.240ns
    Discrete Jitter          (DJ):    0.000ns
    Phase Error              (PE):    0.000ns
  Clock Domain Crossing:  Inter clock paths are considered valid unless explicitly excluded by timing constraints such as set_clock_groups or set_false_path.

    Location             Delay type                Incr(ns)  Path(ns)    Netlist Resource(s)
  -------------------------------------------------------------------    -------------------
                         (clock clk_fpga_0 rise edge)
                                                      0.000     0.000 r  
    PS7_X0Y0             PS7                          0.000     0.000 r  system_i/PS7/processing_system7_0/inst/PS7_i/FCLKCLK[0]
                         net (fo=1, routed)           0.315     0.315    system_i/PS7/processing_system7_0/inst/FCLK_CLK_unbuffered[0]
    BUFGCTRL_X0Y0        BUFG (Prop_bufg_I_O)         0.026     0.341 r  system_i/PS7/processing_system7_0/inst/buffer_fclk_clk_0.FCLK_CLK_0_BUFG/O
                         net (fo=1531, routed)        0.565     0.906    system_i/scaling_gpio/U0/gpio_core_1/s_axi_aclk
    SLICE_X9Y42          FDRE                                         r  system_i/scaling_gpio/U0/gpio_core_1/Not_Dual.gpio_Data_Out_reg[19]/C
  -------------------------------------------------------------------    -------------------
    SLICE_X9Y42          FDRE (Prop_fdre_C_Q)         0.128     1.034 r  system_i/scaling_gpio/U0/gpio_core_1/Not_Dual.gpio_Data_Out_reg[19]/Q
                         net (fo=3, routed)           0.655     1.689    system_i/dds_phase_corrector_0/inst/scale_in[12]
    DSP48_X0Y14          DSP48E1 (Prop_dsp48e1_B[12]_PCOUT[15])
                                                      0.646     2.335 r  system_i/dds_phase_corrector_0/inst/mult_result0/PCOUT[15]
                         net (fo=1, routed)           0.002     2.337    system_i/dds_phase_corrector_0/inst/mult_result0_n_138
    DSP48_X0Y15          DSP48E1                                      r  system_i/dds_phase_corrector_0/inst/mult_result_reg/PCIN[15]
  -------------------------------------------------------------------    -------------------

                         (clock adc_clk rise edge)    0.000     0.000 r  
    U18                                               0.000     0.000 r  adc_clk_p_i (IN)
                         net (fo=0)                   0.000     0.000    system_i/DataAcquisition/axis_red_pitaya_adc_0/inst/adc_clk_p
    U18                  IBUFDS (Prop_ibufds_I_O)     0.433     0.433 r  system_i/DataAcquisition/axis_red_pitaya_adc_0/inst/adc_clk_inst0/O
                         net (fo=1, routed)           0.683     1.116    system_i/DataAcquisition/axis_red_pitaya_adc_0/inst/int_clk0
    BUFGCTRL_X0Y1        BUFG (Prop_bufg_I_O)         0.030     1.146 r  system_i/DataAcquisition/axis_red_pitaya_adc_0/inst/adc_clk_inst/O
                         net (fo=1363, routed)        0.922     2.067    system_i/dds_phase_corrector_0/inst/clk
    DSP48_X0Y15          DSP48E1                                      r  system_i/dds_phase_corrector_0/inst/mult_result_reg/CLK
                         clock pessimism              0.000     2.067    
                         clock uncertainty            0.125     2.192    
    DSP48_X0Y15          DSP48E1 (Hold_dsp48e1_CLK_PCIN[15])
                                                     -0.092     2.100    system_i/dds_phase_corrector_0/inst/mult_result_reg
  -------------------------------------------------------------------
                         required time                         -2.100    
                         arrival time                           2.337    
  -------------------------------------------------------------------
                         slack                                  0.236    

Slack (MET) :             0.236ns  (arrival time - required time)
  Source:                 system_i/scaling_gpio/U0/gpio_core_1/Not_Dual.gpio_Data_Out_reg[19]/C
                            (rising edge-triggered cell FDRE clocked by clk_fpga_0  {rise@0.000ns fall@4.000ns period=8.000ns})
  Destination:            system_i/dds_phase_corrector_0/inst/mult_result_reg/PCIN[16]
                            (rising edge-triggered cell DSP48E1 clocked by adc_clk  {rise@0.000ns fall@4.000ns period=8.000ns})
  Path Group:             adc_clk
  Path Type:              Hold (Min at Fast Process Corner)
  Requirement:            0.000ns  (adc_clk rise@0.000ns - clk_fpga_0 rise@0.000ns)
  Data Path Delay:        1.431ns  (logic 0.774ns (54.075%)  route 0.657ns (45.925%))
  Logic Levels:           1  (DSP48E1=1)
  Clock Path Skew:        1.162ns (DCD - SCD - CPR)
    Destination Clock Delay (DCD):    2.067ns
    Source Clock Delay      (SCD):    0.906ns
    Clock Pessimism Removal (CPR):    -0.000ns
  Clock Uncertainty:      0.125ns  ((TSJ^2 + TIJ^2)^1/2 + DJ) / 2 + PE
    Total System Jitter     (TSJ):    0.071ns
    Total Input Jitter      (TIJ):    0.240ns
    Discrete Jitter          (DJ):    0.000ns
    Phase Error              (PE):    0.000ns
  Clock Domain Crossing:  Inter clock paths are considered valid unless explicitly excluded by timing constraints such as set_clock_groups or set_false_path.

    Location             Delay type                Incr(ns)  Path(ns)    Netlist Resource(s)
  -------------------------------------------------------------------    -------------------
                         (clock clk_fpga_0 rise edge)
                                                      0.000     0.000 r  
    PS7_X0Y0             PS7                          0.000     0.000 r  system_i/PS7/processing_system7_0/inst/PS7_i/FCLKCLK[0]
                         net (fo=1, routed)           0.315     0.315    system_i/PS7/processing_system7_0/inst/FCLK_CLK_unbuffered[0]
    BUFGCTRL_X0Y0        BUFG (Prop_bufg_I_O)         0.026     0.341 r  system_i/PS7/processing_system7_0/inst/buffer_fclk_clk_0.FCLK_CLK_0_BUFG/O
                         net (fo=1531, routed)        0.565     0.906    system_i/scaling_gpio/U0/gpio_core_1/s_axi_aclk
    SLICE_X9Y42          FDRE                                         r  system_i/scaling_gpio/U0/gpio_core_1/Not_Dual.gpio_Data_Out_reg[19]/C
  -------------------------------------------------------------------    -------------------
    SLICE_X9Y42          FDRE (Prop_fdre_C_Q)         0.128     1.034 r  system_i/scaling_gpio/U0/gpio_core_1/Not_Dual.gpio_Data_Out_reg[19]/Q
                         net (fo=3, routed)           0.655     1.689    system_i/dds_phase_corrector_0/inst/scale_in[12]
    DSP48_X0Y14          DSP48E1 (Prop_dsp48e1_B[12]_PCOUT[16])
                                                      0.646     2.335 r  system_i/dds_phase_corrector_0/inst/mult_result0/PCOUT[16]
                         net (fo=1, routed)           0.002     2.337    system_i/dds_phase_corrector_0/inst/mult_result0_n_137
    DSP48_X0Y15          DSP48E1                                      r  system_i/dds_phase_corrector_0/inst/mult_result_reg/PCIN[16]
  -------------------------------------------------------------------    -------------------

                         (clock adc_clk rise edge)    0.000     0.000 r  
    U18                                               0.000     0.000 r  adc_clk_p_i (IN)
                         net (fo=0)                   0.000     0.000    system_i/DataAcquisition/axis_red_pitaya_adc_0/inst/adc_clk_p
    U18                  IBUFDS (Prop_ibufds_I_O)     0.433     0.433 r  system_i/DataAcquisition/axis_red_pitaya_adc_0/inst/adc_clk_inst0/O
                         net (fo=1, routed)           0.683     1.116    system_i/DataAcquisition/axis_red_pitaya_adc_0/inst/int_clk0
    BUFGCTRL_X0Y1        BUFG (Prop_bufg_I_O)         0.030     1.146 r  system_i/DataAcquisition/axis_red_pitaya_adc_0/inst/adc_clk_inst/O
                         net (fo=1363, routed)        0.922     2.067    system_i/dds_phase_corrector_0/inst/clk
    DSP48_X0Y15          DSP48E1                                      r  system_i/dds_phase_corrector_0/inst/mult_result_reg/CLK
                         clock pessimism              0.000     2.067    
                         clock uncertainty            0.125     2.192    
    DSP48_X0Y15          DSP48E1 (Hold_dsp48e1_CLK_PCIN[16])
                                                     -0.092     2.100    system_i/dds_phase_corrector_0/inst/mult_result_reg
  -------------------------------------------------------------------
                         required time                         -2.100    
                         arrival time                           2.337    
  -------------------------------------------------------------------
                         slack                                  0.236    

Slack (MET) :             0.236ns  (arrival time - required time)
  Source:                 system_i/scaling_gpio/U0/gpio_core_1/Not_Dual.gpio_Data_Out_reg[19]/C
                            (rising edge-triggered cell FDRE clocked by clk_fpga_0  {rise@0.000ns fall@4.000ns period=8.000ns})
  Destination:            system_i/dds_phase_corrector_0/inst/mult_result_reg/PCIN[17]
                            (rising edge-triggered cell DSP48E1 clocked by adc_clk  {rise@0.000ns fall@4.000ns period=8.000ns})
  Path Group:             adc_clk
  Path Type:              Hold (Min at Fast Process Corner)
  Requirement:            0.000ns  (adc_clk rise@0.000ns - clk_fpga_0 rise@0.000ns)
  Data Path Delay:        1.431ns  (logic 0.774ns (54.075%)  route 0.657ns (45.925%))
  Logic Levels:           1  (DSP48E1=1)
  Clock Path Skew:        1.162ns (DCD - SCD - CPR)
    Destination Clock Delay (DCD):    2.067ns
    Source Clock Delay      (SCD):    0.906ns
    Clock Pessimism Removal (CPR):    -0.000ns
  Clock Uncertainty:      0.125ns  ((TSJ^2 + TIJ^2)^1/2 + DJ) / 2 + PE
    Total System Jitter     (TSJ):    0.071ns
    Total Input Jitter      (TIJ):    0.240ns
    Discrete Jitter          (DJ):    0.000ns
    Phase Error              (PE):    0.000ns
  Clock Domain Crossing:  Inter clock paths are considered valid unless explicitly excluded by timing constraints such as set_clock_groups or set_false_path.

    Location             Delay type                Incr(ns)  Path(ns)    Netlist Resource(s)
  -------------------------------------------------------------------    -------------------
                         (clock clk_fpga_0 rise edge)
                                                      0.000     0.000 r  
    PS7_X0Y0             PS7                          0.000     0.000 r  system_i/PS7/processing_system7_0/inst/PS7_i/FCLKCLK[0]
                         net (fo=1, routed)           0.315     0.315    system_i/PS7/processing_system7_0/inst/FCLK_CLK_unbuffered[0]
    BUFGCTRL_X0Y0        BUFG (Prop_bufg_I_O)         0.026     0.341 r  system_i/PS7/processing_system7_0/inst/buffer_fclk_clk_0.FCLK_CLK_0_BUFG/O
                         net (fo=1531, routed)        0.565     0.906    system_i/scaling_gpio/U0/gpio_core_1/s_axi_aclk
    SLICE_X9Y42          FDRE                                         r  system_i/scaling_gpio/U0/gpio_core_1/Not_Dual.gpio_Data_Out_reg[19]/C
  -------------------------------------------------------------------    -------------------
    SLICE_X9Y42          FDRE (Prop_fdre_C_Q)         0.128     1.034 r  system_i/scaling_gpio/U0/gpio_core_1/Not_Dual.gpio_Data_Out_reg[19]/Q
                         net (fo=3, routed)           0.655     1.689    system_i/dds_phase_corrector_0/inst/scale_in[12]
    DSP48_X0Y14          DSP48E1 (Prop_dsp48e1_B[12]_PCOUT[17])
                                                      0.646     2.335 r  system_i/dds_phase_corrector_0/inst/mult_result0/PCOUT[17]
                         net (fo=1, routed)           0.002     2.337    system_i/dds_phase_corrector_0/inst/mult_result0_n_136
    DSP48_X0Y15          DSP48E1                                      r  system_i/dds_phase_corrector_0/inst/mult_result_reg/PCIN[17]
  -------------------------------------------------------------------    -------------------

                         (clock adc_clk rise edge)    0.000     0.000 r  
    U18                                               0.000     0.000 r  adc_clk_p_i (IN)
                         net (fo=0)                   0.000     0.000    system_i/DataAcquisition/axis_red_pitaya_adc_0/inst/adc_clk_p
    U18                  IBUFDS (Prop_ibufds_I_O)     0.433     0.433 r  system_i/DataAcquisition/axis_red_pitaya_adc_0/inst/adc_clk_inst0/O
                         net (fo=1, routed)           0.683     1.116    system_i/DataAcquisition/axis_red_pitaya_adc_0/inst/int_clk0
    BUFGCTRL_X0Y1        BUFG (Prop_bufg_I_O)         0.030     1.146 r  system_i/DataAcquisition/axis_red_pitaya_adc_0/inst/adc_clk_inst/O
                         net (fo=1363, routed)        0.922     2.067    system_i/dds_phase_corrector_0/inst/clk
    DSP48_X0Y15          DSP48E1                                      r  system_i/dds_phase_corrector_0/inst/mult_result_reg/CLK
                         clock pessimism              0.000     2.067    
                         clock uncertainty            0.125     2.192    
    DSP48_X0Y15          DSP48E1 (Hold_dsp48e1_CLK_PCIN[17])
                                                     -0.092     2.100    system_i/dds_phase_corrector_0/inst/mult_result_reg
  -------------------------------------------------------------------
                         required time                         -2.100    
                         arrival time                           2.337    
  -------------------------------------------------------------------
                         slack                                  0.236    





